"","sample_ID","cell","UMAP_1","UMAP_2","orig.ident","samples","Broad_cell_identity","Cell_type_identity","clusters_res.2","CNV_pos","malignant","aml","ap_aml_age","age_group","sex.x","inflammation_group","occupancy_score","GSM","date","cell_ID","cell_type_original","Sample.ID","sex.y","Age","Sequencing","Institution","Manuscript.ID","Dx","DxELN_Cytogenetic","Cytogenetics","Overall.survival","Flow.report.summary","RAS.pathway","NPM1","IDH","TET2","TP53","RUNX1","CBF","MLL.rearranged","IDH1","IDH2","ASXL1","BCOR","CBL","CEBPAdm","CSF3R","DNMT3A","ETV6","FLT3.TKD","FLT3.ITD","GATA2","JAK2","KIT","NPM1.1","NRAS","KRAS","PTPN11","PHF6","RAD21","RUNX1.1","SETBP1","SMC1A","STAG2","SRSF2","SF3B1","TET2.1","U2AF1","WT1","TP53.1","ZRSR2","health_status","case_or_control","cell_type","cell_subtype","total_counts_raw","mito_counts","frac_mito","nr_genes","counts_upper_threshold","counts_lower_threshold","genes_lower_threshold","counts_upper_filter","counts_lower_filter","genes_lower_filter","cell_filter","threshold_celltype_size","celltype_size_cf","celltype_size_filter","cell_type_ID","total_counts_raw_cf_ctf_gf","total_counts_raw_cf_ctf_gf_sf"
"2019.08.01.count.4.TATTGCTGTCTACTGA","healthy-4","2019-08-01-count-4:TATTGCTGTCTACTGA",4.85346331176106,-7.54343607341918,"2019-08-01-count-4","Control4","HLA-II+ monocyte","HLA-II+",3,"Control","Control","Control","control_19to26yrs","control_19to26yrs","male","Control",NA,"GSM5613750","2019-08-01-count-4_metadata.csv","2019.08.01.count.4.TATTGCTGTCTACTGA","HLA-II+ monocyte","4","M",20,"CITE-Seq",NA,NA,NA,NA,NA,NA,NA,NA,NA,NA,NA,NA,NA,NA,NA,NA,NA,NA,NA,NA,NA,NA,NA,NA,NA,NA,NA,NA,NA,NA,NA,NA,NA,NA,NA,NA,NA,NA,NA,NA,NA,NA,NA,NA,NA,NA,"healthy","control","Mono","Mono",2791.09914866834,38.0355455762184,0.0136274433655879,2212,30000,1100,500,TRUE,TRUE,TRUE,TRUE,5,1657,TRUE,"Mono_healthy-4",2789.28094416771,2789.28094416771
"2020.08.26.Control4003.c1.AGATCCAGTACATACC","healthy-4003","2020-08-26-Control4003-c1:AGATCCAGTACATACC",-4.04548011246379,12.6990861662659,"2020-08-26-Control4003-c1","Control4003","NK","CD56bright NK",26,"Control","Control","Control","control_39to53yrs","control_39to53yrs","male","Control",NA,"GSM5613774","2020-08-26","2020.08.26.Control4003.c1.AGATCCAGTACATACC","NK","4003","M",42,"CITE-Seq + scTCR-seq",NA,NA,NA,NA,NA,NA,NA,NA,NA,NA,NA,NA,NA,NA,NA,NA,NA,NA,NA,NA,NA,NA,NA,NA,NA,NA,NA,NA,NA,NA,NA,NA,NA,NA,NA,NA,NA,NA,NA,NA,NA,NA,NA,NA,NA,NA,"healthy","control","NK","NK",2232.82937597513,38.3511398391893,0.0171760279812874,1117,30000,1100,500,TRUE,TRUE,TRUE,TRUE,5,645,TRUE,"NK_healthy-4003",2225.78574344957,2225.78574344957
"2020.08.26.Control4003.c2.CATTCATAGCATGCGA","healthy-4003","2020-08-26-Control4003-c2:CATTCATAGCATGCGA",-2.84224234047588,9.81503865802614,"2020-08-26-Control4003-c2","Control4003","CD8+ T","CD8+ NK-like",9,"Control","Control","Control","control_39to53yrs","control_39to53yrs","male","Control",NA,"GSM5613775","2020-08-26","2020.08.26.Control4003.c2.CATTCATAGCATGCGA","CD8+ T","4003","M",42,"CITE-Seq + scTCR-seq",NA,NA,NA,NA,NA,NA,NA,NA,NA,NA,NA,NA,NA,NA,NA,NA,NA,NA,NA,NA,NA,NA,NA,NA,NA,NA,NA,NA,NA,NA,NA,NA,NA,NA,NA,NA,NA,NA,NA,NA,NA,NA,NA,NA,NA,NA,"healthy","control","T","CD8_T",1914.39714029676,41.7207066933695,0.021793130492716,905,30000,1100,500,TRUE,TRUE,TRUE,TRUE,5,2108,TRUE,"T_healthy-4003",1912.57006012108,1912.57006012108
"2019.08.01.count.4.TGTACAGCAACTTGCA","healthy-1","2019-08-01-count-4:TGTACAGCAACTTGCA",1.88203980502431,-10.4480285874573,"2019-08-01-count-4","Control1","CD14+ monocyte","CD14+",13,"Control","Control","Control","control_19to26yrs","control_19to26yrs","female","Control",NA,"GSM5613750","2019-08-01-count-4_metadata.csv","2019.08.01.count.4.TGTACAGCAACTTGCA","CD14+ monocyte","1","F",26,"CITE-Seq",NA,NA,NA,NA,NA,NA,NA,NA,NA,NA,NA,NA,NA,NA,NA,NA,NA,NA,NA,NA,NA,NA,NA,NA,NA,NA,NA,NA,NA,NA,NA,NA,NA,NA,NA,NA,NA,NA,NA,NA,NA,NA,NA,NA,NA,NA,"healthy","control","Mono","Mono",2336.22691175214,37.4786333768542,0.0160423772144401,1903,30000,1100,500,TRUE,TRUE,TRUE,TRUE,5,1120,TRUE,"Mono_healthy-1",2333.06508991826,2333.06508991826
"2021.03.09.AML0693.AAGATAGGTCTCACGG","AML-0693","2021-03-09-AML0693:AAGATAGGTCTCACGG",0.863605518906754,9.31241891467897,"2021-03-09-AML0693","AML0693","CD4+ T","CD4+ TCM",4,"CNV+","microenvironment","AML","adult_AML","adult_60up","female","Inflammation_high",0.0664136622390892,"GSM5613784","2021-03-09","2021.03.09.AML0693.AAGATAGGTCTCACGG","CD4+ T","U-11-0693","F",77,"CITE-seq + scTCR-seq","OSU","AML0693","AML","Adverse","74-89<4n>,XXXX,-8,-9,-9,-12,-17,i(17)(q10),+mar1,+mar2,+dmin[cp18]/46,XX[2] .ish dmin(amp CMYC)",47,"Immunohistochemical stains are performed on the bone marrow biopsy for CD34, CD117, CD79a, CD3, MPO, TdT, and CD68 (monocytic marker).  The
immature cells are positive for MPO, CD68 and CD117.  They are negative for
the rest stains.","","","","","x","",NA,NA,"","","","",NA,0,"","",NA,"0",0,NA,NA,NA,"0",NA,"","",NA,NA,"",NA,NA,NA,"",NA,"","",NA,"mut",NA,"AML","case","T","CD4_T",1814.49105600902,24.0683990425381,0.0132645454287753,907,30000,1100,500,TRUE,TRUE,TRUE,TRUE,5,450,TRUE,"T_AML-0693",1811.11648418833,1811.11648418833
"2020.08.26.Control4003.c1.AAAGGGCTCACTCTTA","healthy-4003","2020-08-26-Control4003-c1:AAAGGGCTCACTCTTA",-3.16009126129802,9.87145898425905,"2020-08-26-Control4003-c1","Control4003","CD8+ T","CD8+ NK-like",9,"Control","Control","Control","control_39to53yrs","control_39to53yrs","male","Control",NA,"GSM5613774","2020-08-26","2020.08.26.Control4003.c1.AAAGGGCTCACTCTTA","CD8+ T","4003","M",42,"CITE-Seq + scTCR-seq",NA,NA,NA,NA,NA,NA,NA,NA,NA,NA,NA,NA,NA,NA,NA,NA,NA,NA,NA,NA,NA,NA,NA,NA,NA,NA,NA,NA,NA,NA,NA,NA,NA,NA,NA,NA,NA,NA,NA,NA,NA,NA,NA,NA,NA,NA,"healthy","control","T","CD8_T",1787.01511233097,30.818724648839,0.0172459227883302,799,30000,1100,500,TRUE,TRUE,TRUE,TRUE,5,2108,TRUE,"T_healthy-4003",1777.24307747671,1777.24307747671
"2020.09.15.AML0024.ATAGAGAGTTGCATTG","AML-0024","2020-09-15-AML0024:ATAGAGAGTTGCATTG",-0.607839505106765,-16.1698236695495,"2020-09-15-AML0024","AML0024","CD14+ monocyte","CD14+ IFN+",7,"CNV+","malignant","AML","adult_AML","adult_60up","male","Inflammation_high",1,"GSM5613779","2020-09-15","2020.09.15.AML0024.ATAGAGAGTTGCATTG","CD14+ monocyte","U-06-0024","M",64,"CITE-seq","OSU","AML0024","AML","Adverse","48,XY,+8,+8,i(8)(p10),t(9;15)(q33;q15),del(10)(q22.1q24),del(13)(q14q21)",137,"","","","","","","",NA,NA,"0+T2:BL24","0,46","0","0,99",0,0,"0","0",0,"0,06",0,0,0,0,"0,17",0,"0","0,17",0,0,"0",0,0,0,"0",0,"0","0,45",0,"0",0,"AML","case","Mono","Mono",2403.11246007817,32.333660027423,0.0134549092331581,1855,30000,1100,500,TRUE,TRUE,TRUE,TRUE,5,5451,TRUE,"Mono_AML-0024",2390.06175382354,2390.06175382354
"2020.09.15.AML0024.GAAGCCCGTGCACATT","AML-0024","2020-09-15-AML0024:GAAGCCCGTGCACATT",-0.0352726680343926,-16.0089807740417,"2020-09-15-AML0024","AML0024","CD14+ monocyte","CD14+",7,"CNV+","malignant","AML","adult_AML","adult_60up","male","Inflammation_high",1,"GSM5613779","2020-09-15","2020.09.15.AML0024.GAAGCCCGTGCACATT","CD14+ monocyte","U-06-0024","M",64,"CITE-seq","OSU","AML0024","AML","Adverse","48,XY,+8,+8,i(8)(p10),t(9;15)(q33;q15),del(10)(q22.1q24),del(13)(q14q21)",137,"","","","","","","",NA,NA,"0+T2:BL24","0,46","0","0,99",0,0,"0","0",0,"0,06",0,0,0,0,"0,17",0,"0","0,17",0,0,"0",0,0,0,"0",0,"0","0,45",0,"0",0,"AML","case","Mono","Mono",2314.50326776113,30.2450329311486,0.0130676129744268,1390,30000,1100,500,TRUE,TRUE,TRUE,TRUE,5,5451,TRUE,"Mono_AML-0024",2311.91081813903,2311.91081813903
"2021.03.09.AML0693.GCTACCTAGTACAGAT","AML-0693","2021-03-09-AML0693:GCTACCTAGTACAGAT",8.83414520797078,6.31231353366701,"2021-03-09-AML0693","AML0693","B","Naive B",0,"CNV+","microenvironment","AML","adult_AML","adult_60up","female","Inflammation_high",0.115445679292357,"GSM5613784","2021-03-09","2021.03.09.AML0693.GCTACCTAGTACAGAT","B","U-11-0693","F",77,"CITE-seq + scTCR-seq","OSU","AML0693","AML","Adverse","74-89<4n>,XXXX,-8,-9,-9,-12,-17,i(17)(q10),+mar1,+mar2,+dmin[cp18]/46,XX[2] .ish dmin(amp CMYC)",47,"Immunohistochemical stains are performed on the bone marrow biopsy for CD34, CD117, CD79a, CD3, MPO, TdT, and CD68 (monocytic marker).  The
immature cells are positive for MPO, CD68 and CD117.  They are negative for
the rest stains.","","","","","x","",NA,NA,"","","","",NA,0,"","",NA,"0",0,NA,NA,NA,"0",NA,"","",NA,NA,"",NA,NA,NA,"",NA,"","",NA,"mut",NA,"AML","case","B","B",1838.81182875547,40.8742416914647,0.0222286158117272,855,30000,1100,500,TRUE,TRUE,TRUE,TRUE,5,820,TRUE,"B_AML-0693",1836.95563994594,1836.95563994594
"2021.03.09.AML0693.GCCCGAAGTAAGATCA","AML-0693","2021-03-09-AML0693:GCCCGAAGTAAGATCA",1.40726151046101,-9.9688406220642,"2021-03-09-AML0693","AML0693","CD14+ monocyte","CD14+",68,"CNV+","malignant","AML","adult_AML","adult_60up","female","Inflammation_high",0.921875,"GSM5613784","2021-03-09","2021.03.09.AML0693.GCCCGAAGTAAGATCA","CD14+ monocyte","U-11-0693","F",77,"CITE-seq + scTCR-seq","OSU","AML0693","AML","Adverse","74-89<4n>,XXXX,-8,-9,-9,-12,-17,i(17)(q10),+mar1,+mar2,+dmin[cp18]/46,XX[2] .ish dmin(amp CMYC)",47,"Immunohistochemical stains are performed on the bone marrow biopsy for CD34, CD117, CD79a, CD3, MPO, TdT, and CD68 (monocytic marker).  The
immature cells are positive for MPO, CD68 and CD117.  They are negative for
the rest stains.","","","","","x","",NA,NA,"","","","",NA,0,"","",NA,"0",0,NA,NA,NA,"0",NA,"","",NA,NA,"",NA,NA,NA,"",NA,"","",NA,"mut",NA,"AML","case","Mono","Mono",2508.42221273057,31.6562945040386,0.0126200024634524,1976,30000,1100,500,TRUE,TRUE,TRUE,TRUE,5,237,TRUE,"Mono_AML-0693",2501.82113981194,2501.82113981194
"2019.08.01.count.2.TTCTTGATCTCCGAAA","healthy-4","2019-08-01-count-2:TTCTTGATCTCCGAAA",2.92696156081502,-6.33308412944945,"2019-08-01-count-2","Control4","CD14+ monocyte","CD14+",3,"Control","Control","Control","control_19to26yrs","control_19to26yrs","male","Control",NA,"GSM5613748","2019-08-01-count-2_metadata.csv","2019.08.01.count.2.TTCTTGATCTCCGAAA","CD14+ monocyte","4","M",20,"CITE-Seq",NA,NA,NA,NA,NA,NA,NA,NA,NA,NA,NA,NA,NA,NA,NA,NA,NA,NA,NA,NA,NA,NA,NA,NA,NA,NA,NA,NA,NA,NA,NA,NA,NA,NA,NA,NA,NA,NA,NA,NA,NA,NA,NA,NA,NA,NA,"healthy","control","Mono","Mono",2204.92566522376,45.5581842255092,0.0206620045945567,1245,30000,1100,500,TRUE,TRUE,TRUE,TRUE,5,1657,TRUE,"Mono_healthy-4",2203.51488070797,2203.51488070797
"2020.09.15.AML0024.GTGGAAGCAGCCGTTG","AML-0024","2020-09-15-AML0024:GTGGAAGCAGCCGTTG",-0.785186211497146,-16.4211359254089,"2020-09-15-AML0024","AML0024","CD14+ monocyte","CD14+",7,"CNV+","malignant","AML","adult_AML","adult_60up","male","Inflammation_high",1,"GSM5613779","2020-09-15","2020.09.15.AML0024.GTGGAAGCAGCCGTTG","CD14+ monocyte","U-06-0024","M",64,"CITE-seq","OSU","AML0024","AML","Adverse","48,XY,+8,+8,i(8)(p10),t(9;15)(q33;q15),del(10)(q22.1q24),del(13)(q14q21)",137,"","","","","","","",NA,NA,"0+T2:BL24","0,46","0","0,99",0,0,"0","0",0,"0,06",0,0,0,0,"0,17",0,"0","0,17",0,0,"0",0,0,0,"0",0,"0","0,45",0,"0",0,"AML","case","Mono","Mono",2599.562743329,37.6355849753115,0.0144776597802427,2029,30000,1100,500,TRUE,TRUE,TRUE,TRUE,5,5451,TRUE,"Mono_AML-0024",2591.68922473097,2591.68922473097
"2019.08.29.count.2.GAGACTTTCCGTTGGG","healthy-5","2019-08-29-count-2:GAGACTTTCCGTTGGG",9.59516586837117,5.55918452823488,"2019-08-29-count-2","Control5","B","Naive B",0,"Control","Control","Control","control_39to53yrs","control_39to53yrs","male","Control",NA,"GSM5613752","2019-08-29-count-2_metadata.csv","2019.08.29.count.2.GAGACTTTCCGTTGGG","B","5","M",47,"CITE-Seq",NA,NA,NA,NA,NA,NA,NA,NA,NA,NA,NA,NA,NA,NA,NA,NA,NA,NA,NA,NA,NA,NA,NA,NA,NA,NA,NA,NA,NA,NA,NA,NA,NA,NA,NA,NA,NA,NA,NA,NA,NA,NA,NA,NA,NA,NA,"healthy","control","B","B",1434.00335596538,41.2309663733992,0.0287523499871045,523,30000,1100,500,TRUE,TRUE,TRUE,TRUE,5,313,TRUE,"B_healthy-5",1434.00335596538,1434.00335596538
"2021.03.09.AML0693.TTGGGCGTCGTTGTAG","AML-0693","2021-03-09-AML0693:TTGGGCGTCGTTGTAG",-8.69307456436809,-4.01432564174803,"2021-03-09-AML0693","AML0693","GMP","GMP",11,"CNV-","malignant","AML","adult_AML","adult_60up","female","Inflammation_high",1,"GSM5613784","2021-03-09","2021.03.09.AML0693.TTGGGCGTCGTTGTAG","GMP","U-11-0693","F",77,"CITE-seq + scTCR-seq","OSU","AML0693","AML","Adverse","74-89<4n>,XXXX,-8,-9,-9,-12,-17,i(17)(q10),+mar1,+mar2,+dmin[cp18]/46,XX[2] .ish dmin(amp CMYC)",47,"Immunohistochemical stains are performed on the bone marrow biopsy for CD34, CD117, CD79a, CD3, MPO, TdT, and CD68 (monocytic marker).  The
immature cells are positive for MPO, CD68 and CD117.  They are negative for
the rest stains.","","","","","x","",NA,NA,"","","","",NA,0,"","",NA,"0",0,NA,NA,NA,"0",NA,"","",NA,NA,"",NA,NA,NA,"",NA,"","",NA,"mut",NA,"AML","case","HSPC","HSPC",2062.23970644043,45.658831353118,0.0221404093862243,1113,30000,1100,500,TRUE,TRUE,TRUE,TRUE,5,1036,TRUE,"HSPC_AML-0693",2057.67111856986,2057.67111856986
"2019.08.01.count.4.TCAGCAACACTGCTTC","healthy-4","2019-08-01-count-4:TCAGCAACACTGCTTC",-3.16561565819438,-5.70652391826781,"2019-08-01-count-4","Control4","Granulocyte","Granulocytes",63,"Control","Control","Control","control_19to26yrs","control_19to26yrs","male","Control",NA,"GSM5613750","2019-08-01-count-4_metadata.csv","2019.08.01.count.4.TCAGCAACACTGCTTC","Granulocyte","4","M",20,"CITE-Seq",NA,NA,NA,NA,NA,NA,NA,NA,NA,NA,NA,NA,NA,NA,NA,NA,NA,NA,NA,NA,NA,NA,NA,NA,NA,NA,NA,NA,NA,NA,NA,NA,NA,NA,NA,NA,NA,NA,NA,NA,NA,NA,NA,NA,NA,NA,"healthy","control","Gran","Gran",2283.20298183703,49.8449576947177,0.0218311547817852,1288,30000,1100,500,TRUE,TRUE,TRUE,TRUE,5,273,TRUE,"Gran_healthy-4",2280.31183370573,2280.31183370573
"2019.08.01.count.3.GCGATCGGTCCACTTC","healthy-2","2019-08-01-count-3:GCGATCGGTCCACTTC",3.21235837516133,-10.9037256470886,"2019-08-01-count-3","Control2","CD11c+","CD11c+",13,"Control","Control","Control","control_39to53yrs","control_39to53yrs","male","Control",NA,"GSM5613749","2019-08-01-count-3_metadata.csv","2019.08.01.count.3.GCGATCGGTCCACTTC","CD11c+","2","M",39,"CITE-Seq",NA,NA,NA,NA,NA,NA,NA,NA,NA,NA,NA,NA,NA,NA,NA,NA,NA,NA,NA,NA,NA,NA,NA,NA,NA,NA,NA,NA,NA,NA,NA,NA,NA,NA,NA,NA,NA,NA,NA,NA,NA,NA,NA,NA,NA,NA,"healthy","control","Mono","Mono",2214.04082490013,39.6963784697822,0.0179293796317296,1540,30000,1100,500,TRUE,TRUE,TRUE,TRUE,5,1372,TRUE,"Mono_healthy-2",2207.70824959974,2207.70824959974
"2019.08.01.count.2.GTGCTGGGTCACTGAT","healthy-3","2019-08-01-count-2:GTGCTGGGTCACTGAT",-0.21502254429515,8.38402555072633,"2019-08-01-count-2","Control3","CD4+ T","CD4+ TCM",18,"Control","Control","Control","control_39to53yrs","control_39to53yrs","female","Control",NA,"GSM5613748","2019-08-01-count-2_metadata.csv","2019.08.01.count.2.GTGCTGGGTCACTGAT","CD4+ T","3","F",50,"CITE-Seq",NA,NA,NA,NA,NA,NA,NA,NA,NA,NA,NA,NA,NA,NA,NA,NA,NA,NA,NA,NA,NA,NA,NA,NA,NA,NA,NA,NA,NA,NA,NA,NA,NA,NA,NA,NA,NA,NA,NA,NA,NA,NA,NA,NA,NA,NA,"healthy","control","T","CD4_T",1758.83810054232,36.7412822845011,0.0208895192076931,927,30000,1100,500,TRUE,TRUE,TRUE,TRUE,5,1795,TRUE,"T_healthy-3",1754.24230918876,1754.24230918876
"2020.08.26.Control4003.c2.AATGCCAAGTCTGGAG","healthy-4003","2020-08-26-Control4003-c2:AATGCCAAGTCTGGAG",2.68761982497517,-6.95302441036376,"2020-08-26-Control4003-c2","Control4003","CD14+ monocyte","CD14+",3,"Control","Control","Control","control_39to53yrs","control_39to53yrs","male","Control",NA,"GSM5613775","2020-08-26","2020.08.26.Control4003.c2.AATGCCAAGTCTGGAG","CD14+ monocyte","4003","M",42,"CITE-Seq + scTCR-seq",NA,NA,NA,NA,NA,NA,NA,NA,NA,NA,NA,NA,NA,NA,NA,NA,NA,NA,NA,NA,NA,NA,NA,NA,NA,NA,NA,NA,NA,NA,NA,NA,NA,NA,NA,NA,NA,NA,NA,NA,NA,NA,NA,NA,NA,NA,"healthy","control","Mono","Mono",2031.98800289461,39.8824269615128,0.0196272945040519,1074,30000,1100,500,TRUE,TRUE,TRUE,TRUE,5,2986,TRUE,"Mono_healthy-4003",2031.98800289461,2031.98800289461
"2019.08.01.count.3.TCATCATCAGACCAGA","healthy-4","2019-08-01-count-3:TCATCATCAGACCAGA",3.65102090415303,-6.34855415737303,"2019-08-01-count-3","Control4","CD14+ monocyte","CD14+",3,"Control","Control","Control","control_19to26yrs","control_19to26yrs","male","Control",NA,"GSM5613749","2019-08-01-count-3_metadata.csv","2019.08.01.count.3.TCATCATCAGACCAGA","CD14+ monocyte","4","M",20,"CITE-Seq",NA,NA,NA,NA,NA,NA,NA,NA,NA,NA,NA,NA,NA,NA,NA,NA,NA,NA,NA,NA,NA,NA,NA,NA,NA,NA,NA,NA,NA,NA,NA,NA,NA,NA,NA,NA,NA,NA,NA,NA,NA,NA,NA,NA,NA,NA,"healthy","control","Mono","Mono",2521.97902769631,44.0228299376576,0.0174556685262645,1800,30000,1100,500,TRUE,TRUE,TRUE,TRUE,5,1657,TRUE,"Mono_healthy-4",2514.78626767391,2514.78626767391
"2020.09.11.AML4340_AML1371.c1.ACTTAGGGTAGTGATA","AML-4340","2020-09-11-AML4340_AML1371-c1:ACTTAGGGTAGTGATA",1.44940199431722,11.3945245512756,"2020-09-11-AML4340_AML1371-c1","AML4340","CD4+ T","CD4+ TCM",4,"CNV-","microenvironment","AML","adult_AML","adult_60up","male","Inflammation_high",0.200779727095517,"GSM5613777","2020-09-11","2020.09.11.AML4340_AML1371.c1.ACTTAGGGTAGTGATA","CD4+ T","U-18-4340","M",80,"CITE-seq","OSU","AML4340","AML","Intermediate","46,XY",455,"Flow cytometric analysis of bone 
marrow was performed using a ten color technique with a gating 
strategy based on CD45 staining and light side scatter 
characteristics. Lymphocytes represent 56.7 % of the total events 
analyzed. Of the lymphocytes: 73.2 % are T cells (CD3+) with a 
CD4:CD8 ratio of 2.3 and 12.0 % are NK cells (positive for CD56 
and/or CD16 and negative for CD3). The B cells represent 13.5 % 
of the lymphocytes (8.0 % of the total events analyzed) and 
express CD19+, CD20+ bright  with subpopulation(s) expressing 
CD23+(4%). The B cells are essentially negative for CD10 and 
CD5. Surface immunoglobulin light chains shows a Kappa:Lambda 
ratio of 13:2 with bright staining intensity. Blasts, defined by CD45 
faint staining and low side scatter represent 19.6 % of the total 
events analyzed and express HLA-DR+, CD13+, CD33+, CD34+, 
CD117+, and are negative for the remaining markers analyzed. ","x","","x","","","",NA,NA,"0,37","0","0","0",0,0,"0,34","0",0,"0",0,0,0,0,"0",0,"0,24","0",0,0,"0",0,0,0,"0",0,"0","0",0,"0",0,"AML","case","T","CD4_T",2171.60716375784,36.4902332668964,0.0168033306741134,1641,30000,1100,500,TRUE,TRUE,TRUE,TRUE,5,1366,TRUE,"T_AML-4340",2165.19871621343,2165.19871621343
"2019.08.01.count.3.ATTGGGTGTAATCAGA","healthy-3","2019-08-01-count-3:ATTGGGTGTAATCAGA",11.1259762245113,6.10970017993776,"2019-08-01-count-3","Control3","B","Activated AP-1",2,"Control","Control","Control","control_39to53yrs","control_39to53yrs","female","Control",NA,"GSM5613749","2019-08-01-count-3_metadata.csv","2019.08.01.count.3.ATTGGGTGTAATCAGA","B","3","F",50,"CITE-Seq",NA,NA,NA,NA,NA,NA,NA,NA,NA,NA,NA,NA,NA,NA,NA,NA,NA,NA,NA,NA,NA,NA,NA,NA,NA,NA,NA,NA,NA,NA,NA,NA,NA,NA,NA,NA,NA,NA,NA,NA,NA,NA,NA,NA,NA,NA,"healthy","control","B","B",1935.08125402038,38.8967639668352,0.020100842735168,1051,30000,1100,500,TRUE,TRUE,TRUE,TRUE,5,517,TRUE,"B_healthy-3",1927.46736593135,1927.46736593135
"2020.09.11.AML4340_AML1371.c2.GACCGTGTCCTCACCA","AML-1371","2020-09-11-AML4340_AML1371-c2:GACCGTGTCCTCACCA",-3.00152621689494,8.97245023334352,"2020-09-11-AML4340_AML1371-c2","AML1371","CD8+ T","CD8+ Cytotoxic",15,"CNV-","microenvironment","AML","adult_AML","adult_60up","male","Inflammation_high",0.191825613079019,"GSM5613778","2020-09-11","2020.09.11.AML4340_AML1371.c2.GACCGTGTCCTCACCA","CD8+ T","U-18-1371","M",78,"CITE-seq","OSU","AML1371","AML",NA,"46,XY (17 metas), -Y in 3 metas",631,"Blasts, defined by CD45 faint 
staining and low side scatter represent 72.4 % of the total events 
analyzed and express CD33+, CD117+ and are negative for the 
remaining markers. ","","x","x","","","",NA,NA,"0","0,48","0","0",0,0,"0","0",0,"0",0,0,0,0,"0,42",0,"0","0",0,0,"0",0,0,0,"0,47",0,"0","0",0,"0",0,"AML","case","T","CD8_T",2667.57317794868,40.0171171523345,0.0150013193576594,1835,30000,1100,500,TRUE,TRUE,TRUE,TRUE,5,1882,TRUE,"T_AML-1371",2661.29862578085,2661.29862578085
"2019.07.01.count.2.CGTCAAAAGGCTAGCA","AML-0160","2019-07-01-count-2:CGTCAAAAGGCTAGCA",2.26201715049092,-10.6075115433899,"2019-07-01-count-2","AML0160","CD11c+","CD11c+",13,"CNV-","microenvironment","AML","adult_AML","adult_60up","male","Inflammation_low",0.00519159456118665,"GSM5613745","2019-07-01-count-2_metadata.csv","2019.07.01.count.2.CGTCAAAAGGCTAGCA","CD11c+","U-16-0160","M",74,"CITE-seq","OSU","AML0160","AML","Adverse","46,XY[30]",3,"Blasts/promonocytes (30%) and monocytes (33%) represent the majority of the differential count of the bone marrow aspirates. Flow cytometric analysis demonstrates 11% CD34 positive myeloid blasts. The findings are those of an acute myeloid leukemia which in the absence of recurrent cytogenetic/molecular abnormalities, is best classified as acute myelomonocytic leukemia. The blasts represent 10.7% of
the total events analyzed and express CD34+, CD33+, CD13+, HLA-DR+, CD117+
with subsets expressing CD4 (29.1%), CD8 (12.4%), and CD11b (7.1%).","","","","x","","x",NA,NA,"0","0","0,45","0",0,0,"0","0",0,"0",0,0,0,0,"0",0,"0","0",0,0,"0,76",0,0,0,"0",0,"0,43","0",0,"0",0,"AML","case","Mono","Mono",2270.77760455149,41.7308687200813,0.0183773473176929,1438,30000,1100,500,TRUE,TRUE,TRUE,TRUE,5,1456,TRUE,"Mono_AML-0160",2262.37865534805,2262.37865534805
"2019.08.01.count.3.GCAACATCACCTCTAC","healthy-1","2019-08-01-count-3:GCAACATCACCTCTAC",-0.512999991804916,12.5344619520935,"2019-08-01-count-3","Control1","NK","Activated NK",22,"Control","Control","Control","control_19to26yrs","control_19to26yrs","female","Control",NA,"GSM5613749","2019-08-01-count-3_metadata.csv","2019.08.01.count.3.GCAACATCACCTCTAC","NK","1","F",26,"CITE-Seq",NA,NA,NA,NA,NA,NA,NA,NA,NA,NA,NA,NA,NA,NA,NA,NA,NA,NA,NA,NA,NA,NA,NA,NA,NA,NA,NA,NA,NA,NA,NA,NA,NA,NA,NA,NA,NA,NA,NA,NA,NA,NA,NA,NA,NA,NA,"healthy","control","NK","NK",1890.47736287622,49.1295138769193,0.0259878879491963,931,30000,1100,500,TRUE,TRUE,TRUE,TRUE,5,99,TRUE,"NK_healthy-1",1888.75664347877,1888.75664347877
"2020.08.26.Control4003.c1.TCGGGCATCAAACCTG","healthy-4003","2020-08-26-Control4003-c1:TCGGGCATCAAACCTG",2.77348293837849,-4.58697035228881,"2020-08-26-Control4003-c1","Control4003","cDC2","cDC2",36,"Control","Control","Control","control_39to53yrs","control_39to53yrs","male","Control",NA,"GSM5613774","2020-08-26","2020.08.26.Control4003.c1.TCGGGCATCAAACCTG","cDC2","4003","M",42,"CITE-Seq + scTCR-seq",NA,NA,NA,NA,NA,NA,NA,NA,NA,NA,NA,NA,NA,NA,NA,NA,NA,NA,NA,NA,NA,NA,NA,NA,NA,NA,NA,NA,NA,NA,NA,NA,NA,NA,NA,NA,NA,NA,NA,NA,NA,NA,NA,NA,NA,NA,"healthy","control","DC","cDC",2841.09437759265,34.3820348855033,0.0121016869966271,2331,30000,1100,500,TRUE,TRUE,TRUE,TRUE,5,351,TRUE,"DC_healthy-4003",2835.86032567945,2835.86032567945
"2020.07.29.AML2123.c2.TACGCTCTCACCTTGC","AML-2123","2020-07-29-AML2123-c2:TACGCTCTCACCTTGC",1.04387231644933,11.9013213881287,"2020-07-29-AML2123-c2","AML2123","CD4+ T","CD4+ TCM",4,"CNV-","microenvironment","AML","adult_AML","adult_60up","female","Inflammation_high",0.0268987341772152,"GSM5613773","2020-07-29","2020.07.29.AML2123.c2.TACGCTCTCACCTTGC","CD4+ T","U-16-2123","F",71,"CITE-seq","OSU","AML2123","AML","Intermediate","46,XX",1807,"Immunophenotypic analysis demonstrates an abnormal myeloid 
HLA-DR+CD13+CD33+CD34+MPO(var)+ myeloblast population, 
consistent with acute myeloid leukemia. Correlation with bone 
marrow morphology and cytogenetic studies is recommended. 
PHENOTYPIC DESCRIPTION: Flow cytometric analysis of bone 
marrow was performed using a ten color technique with a gating 
strategy based on CD45 staining and light side scatter 
characteristics. Lymphocytes represent 23.0 % of the total events 
analyzed. Of the lymphocytes: 7.0 % are B cells (CD19+) with a 
Kappa:Lambda ratio of 3:2 , 88.0 % are T cells (CD3+) with a 
CD4:CD8 ratio of 1.9 and 5.6 % are NK cells (positive for CD56 
and/or CD16 and negative for CD3). Blasts, defined by CD45 faint 
staining and low side scatter represent 44.4 % of the total events 
analyzed and express HLA-DR+, CD13+, CD33+, CD34+ with 
subpopulation(s) expressing cMPO+ ( 44%) and are negative for 
the remaining markers analyzed. ","","","x","","","",NA,NA,"0,25","0","0","0",0,0,"0","0",0,"0",0,0,0,0,"0",0,"0","0",0,0,"0",0,0,0,"0",NA,"","",NA,"",NA,"AML","case","T","CD4_T",1922.56297090701,34.5144610679894,0.0179523176043001,1064,30000,1100,500,TRUE,TRUE,TRUE,TRUE,5,251,TRUE,"T_AML-2123",1921.10505712725,1921.10505712725
"2019.08.01.count.4.GCATGATTCTGTTCAT","healthy-3","2019-08-01-count-4:GCATGATTCTGTTCAT",-1.77795002880748,8.67645547473756,"2019-08-01-count-4","Control3","CD8+ T","CD8+ GZMK+",15,"Control","Control","Control","control_39to53yrs","control_39to53yrs","female","Control",NA,"GSM5613750","2019-08-01-count-4_metadata.csv","2019.08.01.count.4.GCATGATTCTGTTCAT","CD8+ T","3","F",50,"CITE-Seq",NA,NA,NA,NA,NA,NA,NA,NA,NA,NA,NA,NA,NA,NA,NA,NA,NA,NA,NA,NA,NA,NA,NA,NA,NA,NA,NA,NA,NA,NA,NA,NA,NA,NA,NA,NA,NA,NA,NA,NA,NA,NA,NA,NA,NA,NA,"healthy","control","T","CD8_T",1895.02189554369,46.0394577368999,0.0242949476442282,900,30000,1100,500,TRUE,TRUE,TRUE,TRUE,5,1795,TRUE,"T_healthy-3",1889.46609164279,1889.46609164279
"2021.03.09.AML0693.CGCATGGGTATTAAGG","AML-0693","2021-03-09-AML0693:CGCATGGGTATTAAGG",-8.09696803513225,-2.52091410076293,"2021-03-09-AML0693","AML0693","GMP","GMP",41,"CNV+","malignant","AML","adult_AML","adult_60up","female","Inflammation_high",0.988235294117647,"GSM5613784","2021-03-09","2021.03.09.AML0693.CGCATGGGTATTAAGG","GMP","U-11-0693","F",77,"CITE-seq + scTCR-seq","OSU","AML0693","AML","Adverse","74-89<4n>,XXXX,-8,-9,-9,-12,-17,i(17)(q10),+mar1,+mar2,+dmin[cp18]/46,XX[2] .ish dmin(amp CMYC)",47,"Immunohistochemical stains are performed on the bone marrow biopsy for CD34, CD117, CD79a, CD3, MPO, TdT, and CD68 (monocytic marker).  The
immature cells are positive for MPO, CD68 and CD117.  They are negative for
the rest stains.","","","","","x","",NA,NA,"","","","",NA,0,"","",NA,"0",0,NA,NA,NA,"0",NA,"","",NA,NA,"",NA,NA,NA,"",NA,"","",NA,"mut",NA,"AML","case","HSPC","HSPC",1419.50959568447,44.762863675218,0.031534033874307,647,30000,1100,500,TRUE,TRUE,TRUE,TRUE,5,1036,TRUE,"HSPC_AML-0693",1416.39548048108,1416.39548048108
"2019.08.29.count.1.CTGGCAGTCTAGAGCT","healthy-5","2019-08-29-count-1:CTGGCAGTCTAGAGCT",2.48902668532674,-7.26395037090453,"2019-08-29-count-1","Control5","CD14+ monocyte","CD14+",8,"Control","Control","Control","control_39to53yrs","control_39to53yrs","male","Control",NA,"GSM5613751","2019-08-29-count-1_metadata.csv","2019.08.29.count.1.CTGGCAGTCTAGAGCT","CD14+ monocyte","5","M",47,"CITE-Seq",NA,NA,NA,NA,NA,NA,NA,NA,NA,NA,NA,NA,NA,NA,NA,NA,NA,NA,NA,NA,NA,NA,NA,NA,NA,NA,NA,NA,NA,NA,NA,NA,NA,NA,NA,NA,NA,NA,NA,NA,NA,NA,NA,NA,NA,NA,"healthy","control","Mono","Mono",1458.9860790875,45.8091647446263,0.0313979450532365,548,30000,1100,500,TRUE,TRUE,TRUE,TRUE,5,1687,TRUE,"Mono_healthy-5",1454.20621331913,1454.20621331913
"2019.08.29.count.2.TGGGAAGTCCTGTACC","healthy-5","2019-08-29-count-2:TGGGAAGTCCTGTACC",-2.47601876679118,4.13505218112794,"2019-08-29-count-2","Control5","Ery","Heat shock proteins",53,"Control","Control","Control","control_39to53yrs","control_39to53yrs","male","Control",NA,"GSM5613752","2019-08-29-count-2_metadata.csv","2019.08.29.count.2.TGGGAAGTCCTGTACC","Ery","5","M",47,"CITE-Seq",NA,NA,NA,NA,NA,NA,NA,NA,NA,NA,NA,NA,NA,NA,NA,NA,NA,NA,NA,NA,NA,NA,NA,NA,NA,NA,NA,NA,NA,NA,NA,NA,NA,NA,NA,NA,NA,NA,NA,NA,NA,NA,NA,NA,NA,NA,"healthy","control","Ery","Ery",3308.28929006633,44.6923928034766,0.0135092154539425,4480,30000,1100,500,TRUE,TRUE,TRUE,TRUE,5,241,TRUE,"Ery_healthy-5",3303.15703024809,3303.15703024809
"2020.08.26.Control4003.c2.TGCCGAGGTGAGAGGG","healthy-4003","2020-08-26-Control4003-c2:TGCCGAGGTGAGAGGG",9.16915478286092,6.02994821155397,"2020-08-26-Control4003-c2","Control4003","B","Naive B",0,"Control","Control","Control","control_39to53yrs","control_39to53yrs","male","Control",NA,"GSM5613775","2020-08-26","2020.08.26.Control4003.c2.TGCCGAGGTGAGAGGG","B","4003","M",42,"CITE-Seq + scTCR-seq",NA,NA,NA,NA,NA,NA,NA,NA,NA,NA,NA,NA,NA,NA,NA,NA,NA,NA,NA,NA,NA,NA,NA,NA,NA,NA,NA,NA,NA,NA,NA,NA,NA,NA,NA,NA,NA,NA,NA,NA,NA,NA,NA,NA,NA,NA,"healthy","control","B","B",1438.77974718172,37.7086577429321,0.026208777136873,617,30000,1100,500,TRUE,TRUE,TRUE,TRUE,5,365,TRUE,"B_healthy-4003",1433.07610260229,1433.07610260229
"2019.07.01.count.2.CATGAGTCATACTGAC","AML-3133","2019-07-01-count-2:CATGAGTCATACTGAC",9.14895596083943,7.51455590808717,"2019-07-01-count-2","AML3133","B","Memory",0,"CNV-","microenvironment","AML","adult_AML","adult_younger60","male","Inflammation_low",0.0784499054820416,"GSM5613745","2019-07-01-count-2_metadata.csv","2019.07.01.count.2.CATGAGTCATACTGAC","B","U-16-3133","M",57,"CITE-seq","OSU","AML3133","AML","Favorable","46,XY[19]/nonclonal[1]",170,"11/4/2016: The amended report includes staining results for cMPO, cCD3, cCD79a, and TdT. The blasts are positive for cMPO. This does not alter the previous diagnosis.   
SAMPLE TYPE: Bone Marrow 
LABORATORY INTERPRETATION: 
Immunophenotypic analysis demonstrates an abnormal myeloid 
blast population (approximately 8% of total events) with aberrant CD7 expression, consistent with a myeloid neoplasm. Correlation with bone marrow morphology and cytogenetic studies is 
recommended. The B cells are unremarkable. The T cells have a mildly elevated CD4:CD8 ratio with no significant loss of T cell antigens as can be seen in reactive T cells. 
PHENOTYPIC DESCRIPTION: Flow cytometric analysis of bone marrow was performed using a ten color technique with a gating strategy based on CD45 staining and light side scatter characteristics. Lymphocytes represent 22.6 % of the total events analyzed. Of the lymphocytes: 11.1 % are B cells (CD19+) with a Kappa:Lambda ratio of 8:5 , 81.6 % are T cells (CD3+) with a 
CD4:CD8 ratio of 4.7 and 6.6 % are NK cells (positive for CD56 and/or CD16 and negative for CD3). Blasts, defined by CD45 faint staining and low side scatter represent 7.8 % of the total events 
analyzed and express CD117+, CD13+, HLA DR+, CD7+, CD33+, MPO+ with subpopulatios sexpressing CD4+ (20%), CD34+ (24%), CD65+ (32%) and are negative for the remaining markers 
analyzed. The monocytes show aberrant expression of CD56/CD16. ","x","x","x","","","",NA,NA,"0,3","0","0","0",0,0,"0","0,44",0,"0",0,0,0,0,"0,44",0,"0","0.05
0.08",0,0,"0",0,0,0,"0",0,"0","0",0,"0",0,"AML","case","B","B",1974.8015423253,40.7940146907532,0.0206572730557618,1319,30000,1100,500,TRUE,TRUE,TRUE,TRUE,5,240,TRUE,"B_AML-3133",1969.00840670456,1969.00840670456
"2021.03.09.AML0693.GGCTTGGTCCGGCTTT","AML-0693","2021-03-09-AML0693:GGCTTGGTCCGGCTTT",-2.45936212959941,3.37696263873903,"2021-03-09-AML0693","AML0693","Ery","Ery-1",53,"CNV-","microenvironment","AML","adult_AML","adult_60up","female","Inflammation_high",0.215384615384615,"GSM5613784","2021-03-09","2021.03.09.AML0693.GGCTTGGTCCGGCTTT","Ery","U-11-0693","F",77,"CITE-seq + scTCR-seq","OSU","AML0693","AML","Adverse","74-89<4n>,XXXX,-8,-9,-9,-12,-17,i(17)(q10),+mar1,+mar2,+dmin[cp18]/46,XX[2] .ish dmin(amp CMYC)",47,"Immunohistochemical stains are performed on the bone marrow biopsy for CD34, CD117, CD79a, CD3, MPO, TdT, and CD68 (monocytic marker).  The
immature cells are positive for MPO, CD68 and CD117.  They are negative for
the rest stains.","","","","","x","",NA,NA,"","","","",NA,0,"","",NA,"0",0,NA,NA,NA,"0",NA,"","",NA,NA,"",NA,NA,NA,"",NA,"","",NA,"mut",NA,"AML","case","Ery","Ery",3278.79959285472,21.4876038748147,0.00655349717672324,3631,30000,1100,500,TRUE,TRUE,TRUE,TRUE,5,458,TRUE,"Ery_AML-0693",3272.84289314628,3272.84289314628
"2020.09.15.AML0024.GATCCCTCACAAGGTG","AML-0024","2020-09-15-AML0024:GATCCCTCACAAGGTG",-1.24377546730693,-16.2584848633972,"2020-09-15-AML0024","AML0024","CD14+ monocyte","CD14+",7,"CNV+","malignant","AML","adult_AML","adult_60up","male","Inflammation_high",1,"GSM5613779","2020-09-15","2020.09.15.AML0024.GATCCCTCACAAGGTG","CD14+ monocyte","U-06-0024","M",64,"CITE-seq","OSU","AML0024","AML","Adverse","48,XY,+8,+8,i(8)(p10),t(9;15)(q33;q15),del(10)(q22.1q24),del(13)(q14q21)",137,"","","","","","","",NA,NA,"0+T2:BL24","0,46","0","0,99",0,0,"0","0",0,"0,06",0,0,0,0,"0,17",0,"0","0,17",0,0,"0",0,0,0,"0",0,"0","0,45",0,"0",0,"AML","case","Mono","Mono",2914.49922775808,34.9937432336266,0.0120067773222726,2744,30000,1100,500,TRUE,TRUE,TRUE,TRUE,5,5451,TRUE,"Mono_AML-0024",2902.50458117547,2902.50458117547
"2019.08.01.count.3.AAAGGTAGTCGCATTA","healthy-4","2019-08-01-count-3:AAAGGTAGTCGCATTA",11.1741720634395,5.46761844241945,"2019-08-01-count-3","Control4","B","Naive B",2,"Control","Control","Control","control_19to26yrs","control_19to26yrs","male","Control",NA,"GSM5613749","2019-08-01-count-3_metadata.csv","2019.08.01.count.3.AAAGGTAGTCGCATTA","B","4","M",20,"CITE-Seq",NA,NA,NA,NA,NA,NA,NA,NA,NA,NA,NA,NA,NA,NA,NA,NA,NA,NA,NA,NA,NA,NA,NA,NA,NA,NA,NA,NA,NA,NA,NA,NA,NA,NA,NA,NA,NA,NA,NA,NA,NA,NA,NA,NA,NA,NA,"healthy","control","B","B",1870.87331402491,46.7937859365404,0.0250117341381445,909,30000,1100,500,TRUE,TRUE,TRUE,TRUE,5,1631,TRUE,"B_healthy-4",1860.41812508585,1860.41812508585
"2019.08.01.count.3.TACGTCCGTCACATTG","healthy-4","2019-08-01-count-3:TACGTCCGTCACATTG",10.9917894798214,5.61469409549562,"2019-08-01-count-3","Control4","B","Naive B",2,"Control","Control","Control","control_19to26yrs","control_19to26yrs","male","Control",NA,"GSM5613749","2019-08-01-count-3_metadata.csv","2019.08.01.count.3.TACGTCCGTCACATTG","B","4","M",20,"CITE-Seq",NA,NA,NA,NA,NA,NA,NA,NA,NA,NA,NA,NA,NA,NA,NA,NA,NA,NA,NA,NA,NA,NA,NA,NA,NA,NA,NA,NA,NA,NA,NA,NA,NA,NA,NA,NA,NA,NA,NA,NA,NA,NA,NA,NA,NA,NA,"healthy","control","B","B",1841.81253617077,42.8071136603013,0.0232418407517736,909,30000,1100,500,TRUE,TRUE,TRUE,TRUE,5,1631,TRUE,"B_healthy-4",1836.77291311661,1836.77291311661
"2019.07.01.count.3.GATTCGACAGAGCTAG","AML-0160","2019-07-01-count-3:GATTCGACAGAGCTAG",1.73116626319234,-8.98183443462523,"2019-07-01-count-3","AML0160","CD14+ monocyte","CD14+",13,"CNV-","microenvironment","AML","adult_AML","adult_60up","male","Inflammation_low",0.00519159456118665,"GSM5613746","2019-07-01-count-3_metadata.csv","2019.07.01.count.3.GATTCGACAGAGCTAG","CD14+ monocyte","U-16-0160","M",74,"CITE-seq","OSU","AML0160","AML","Adverse","46,XY[30]",3,"Blasts/promonocytes (30%) and monocytes (33%) represent the majority of the differential count of the bone marrow aspirates. Flow cytometric analysis demonstrates 11% CD34 positive myeloid blasts. The findings are those of an acute myeloid leukemia which in the absence of recurrent cytogenetic/molecular abnormalities, is best classified as acute myelomonocytic leukemia. The blasts represent 10.7% of
the total events analyzed and express CD34+, CD33+, CD13+, HLA-DR+, CD117+
with subsets expressing CD4 (29.1%), CD8 (12.4%), and CD11b (7.1%).","","","","x","","x",NA,NA,"0","0","0,45","0",0,0,"0","0",0,"0",0,0,0,0,"0",0,"0","0",0,0,"0,76",0,0,0,"0",0,"0,43","0",0,"0",0,"AML","case","Mono","Mono",2128.40674083561,43.7121899610447,0.020537517158907,1290,30000,1100,500,TRUE,TRUE,TRUE,TRUE,5,1456,TRUE,"Mono_AML-0160",2125.83248794628,2125.83248794628
"2020.08.26.Control4003.c3.ACCCAAACACGGATCC","healthy-4003","2020-08-26-Control4003-c3:ACCCAAACACGGATCC",4.19097151336018,-6.8818192712036,"2020-08-26-Control4003-c3","Control4003","CD14+ monocyte","CD14+",3,"Control","Control","Control","control_39to53yrs","control_39to53yrs","male","Control",NA,"GSM5613776","2020-08-26","2020.08.26.Control4003.c3.ACCCAAACACGGATCC","CD14+ monocyte","4003","M",42,"CITE-Seq + scTCR-seq",NA,NA,NA,NA,NA,NA,NA,NA,NA,NA,NA,NA,NA,NA,NA,NA,NA,NA,NA,NA,NA,NA,NA,NA,NA,NA,NA,NA,NA,NA,NA,NA,NA,NA,NA,NA,NA,NA,NA,NA,NA,NA,NA,NA,NA,NA,"healthy","control","Mono","Mono",2484.05097555439,31.0093540933733,0.0124833807351529,1485,30000,1100,500,TRUE,TRUE,TRUE,TRUE,5,2986,TRUE,"Mono_healthy-4003",2478.72005575843,2478.72005575843
"2019.08.01.count.2.CATCGGGAGGATGCGT","healthy-4","2019-08-01-count-2:CATCGGGAGGATGCGT",-0.160899530083495,7.57010839069215,"2019-08-01-count-2","Control4","CD4+ T","CD4+ TCM",18,"Control","Control","Control","control_19to26yrs","control_19to26yrs","male","Control",NA,"GSM5613748","2019-08-01-count-2_metadata.csv","2019.08.01.count.2.CATCGGGAGGATGCGT","CD4+ T","4","M",20,"CITE-Seq",NA,NA,NA,NA,NA,NA,NA,NA,NA,NA,NA,NA,NA,NA,NA,NA,NA,NA,NA,NA,NA,NA,NA,NA,NA,NA,NA,NA,NA,NA,NA,NA,NA,NA,NA,NA,NA,NA,NA,NA,NA,NA,NA,NA,NA,NA,"healthy","control","T","CD4_T",1899.66253399922,42.9398842503708,0.0226039538506729,1322,30000,1100,500,TRUE,TRUE,TRUE,TRUE,5,1298,TRUE,"T_healthy-4",1895.30915843224,1895.30915843224
"2020.07.29.AML2123.c1.ATCACTTCACGGGCTT","AML-2123","2020-07-29-AML2123-c1:ATCACTTCACGGGCTT",0.881954093545121,11.7392663725647,"2020-07-29-AML2123-c1","AML2123","CD4+ T","CD4+ TCM",4,"CNV-","microenvironment","AML","adult_AML","adult_60up","female","Inflammation_high",0.0268987341772152,"GSM5613772","2020-07-29","2020.07.29.AML2123.c1.ATCACTTCACGGGCTT","CD4+ T","U-16-2123","F",71,"CITE-seq","OSU","AML2123","AML","Intermediate","46,XX",1807,"Immunophenotypic analysis demonstrates an abnormal myeloid 
HLA-DR+CD13+CD33+CD34+MPO(var)+ myeloblast population, 
consistent with acute myeloid leukemia. Correlation with bone 
marrow morphology and cytogenetic studies is recommended. 
PHENOTYPIC DESCRIPTION: Flow cytometric analysis of bone 
marrow was performed using a ten color technique with a gating 
strategy based on CD45 staining and light side scatter 
characteristics. Lymphocytes represent 23.0 % of the total events 
analyzed. Of the lymphocytes: 7.0 % are B cells (CD19+) with a 
Kappa:Lambda ratio of 3:2 , 88.0 % are T cells (CD3+) with a 
CD4:CD8 ratio of 1.9 and 5.6 % are NK cells (positive for CD56 
and/or CD16 and negative for CD3). Blasts, defined by CD45 faint 
staining and low side scatter represent 44.4 % of the total events 
analyzed and express HLA-DR+, CD13+, CD33+, CD34+ with 
subpopulation(s) expressing cMPO+ ( 44%) and are negative for 
the remaining markers analyzed. ","","","x","","","",NA,NA,"0,25","0","0","0",0,0,"0","0",0,"0",0,0,0,0,"0",0,"0","0",0,0,"0",0,0,0,"0",NA,"","",NA,"",NA,"AML","case","T","CD4_T",2144.23455043983,35.5711040254141,0.0165891851794467,1316,30000,1100,500,TRUE,TRUE,TRUE,TRUE,5,251,TRUE,"T_AML-2123",2136.64067177157,2136.64067177157
"2019.08.01.count.4.GGCACGTTCGGCTATA","healthy-4","2019-08-01-count-4:GGCACGTTCGGCTATA",10.7421776252681,7.56946656787721,"2019-08-01-count-4","Control4","B","Memory",2,"Control","Control","Control","control_19to26yrs","control_19to26yrs","male","Control",NA,"GSM5613750","2019-08-01-count-4_metadata.csv","2019.08.01.count.4.GGCACGTTCGGCTATA","B","4","M",20,"CITE-Seq",NA,NA,NA,NA,NA,NA,NA,NA,NA,NA,NA,NA,NA,NA,NA,NA,NA,NA,NA,NA,NA,NA,NA,NA,NA,NA,NA,NA,NA,NA,NA,NA,NA,NA,NA,NA,NA,NA,NA,NA,NA,NA,NA,NA,NA,NA,"healthy","control","B","B",2083.78388731428,44.4092155965571,0.0213118144673797,1225,30000,1100,500,TRUE,TRUE,TRUE,TRUE,5,1631,TRUE,"B_healthy-4",2083.78388731428,2083.78388731428
"2019.08.29.count.1.TAATTCCTCATTTACC","healthy-5","2019-08-29-count-1:TAATTCCTCATTTACC",3.20053114470784,-7.91716291820677,"2019-08-29-count-1","Control5","CD14+ monocyte","CD14+",8,"Control","Control","Control","control_39to53yrs","control_39to53yrs","male","Control",NA,"GSM5613751","2019-08-29-count-1_metadata.csv","2019.08.29.count.1.TAATTCCTCATTTACC","CD14+ monocyte","5","M",47,"CITE-Seq",NA,NA,NA,NA,NA,NA,NA,NA,NA,NA,NA,NA,NA,NA,NA,NA,NA,NA,NA,NA,NA,NA,NA,NA,NA,NA,NA,NA,NA,NA,NA,NA,NA,NA,NA,NA,NA,NA,NA,NA,NA,NA,NA,NA,NA,NA,"healthy","control","Mono","Mono",1705.07387198514,51.3790104473176,0.0301330114146313,701,30000,1100,500,TRUE,TRUE,TRUE,TRUE,5,1687,TRUE,"Mono_healthy-5",1702.84609613368,1702.84609613368
"2020.09.15.AML0024.ATGAGTCGTTCCAAAC","AML-0024","2020-09-15-AML0024:ATGAGTCGTTCCAAAC",-1.10161350193675,11.6489333876404,"2020-09-15-AML0024","AML0024","CD8+ T","CD8+ NK-like",5,"CNV-","microenvironment","AML","adult_AML","adult_60up","male","Inflammation_high",0.0167597765363128,"GSM5613779","2020-09-15","2020.09.15.AML0024.ATGAGTCGTTCCAAAC","CD8+ T","U-06-0024","M",64,"CITE-seq","OSU","AML0024","AML","Adverse","48,XY,+8,+8,i(8)(p10),t(9;15)(q33;q15),del(10)(q22.1q24),del(13)(q14q21)",137,"","","","","","","",NA,NA,"0+T2:BL24","0,46","0","0,99",0,0,"0","0",0,"0,06",0,0,0,0,"0,17",0,"0","0,17",0,0,"0",0,0,0,"0",0,"0","0,45",0,"0",0,"AML","case","T","CD8_T",1792.42018203154,41.1908009335076,0.0229805496202468,889,30000,1100,500,TRUE,TRUE,TRUE,TRUE,5,65,TRUE,"T_AML-0024",1792.42018203154,1792.42018203154
"2019.08.29.count.2.CCACCATGTAGAGTTA","healthy-5","2019-08-29-count-2:CCACCATGTAGAGTTA",-3.75810180130656,12.1793012388977,"2019-08-29-count-2","Control5","NK","CD56dim NK",26,"Control","Control","Control","control_39to53yrs","control_39to53yrs","male","Control",NA,"GSM5613752","2019-08-29-count-2_metadata.csv","2019.08.29.count.2.CCACCATGTAGAGTTA","NK","5","M",47,"CITE-Seq",NA,NA,NA,NA,NA,NA,NA,NA,NA,NA,NA,NA,NA,NA,NA,NA,NA,NA,NA,NA,NA,NA,NA,NA,NA,NA,NA,NA,NA,NA,NA,NA,NA,NA,NA,NA,NA,NA,NA,NA,NA,NA,NA,NA,NA,NA,"healthy","control","NK","NK",1840.59456428182,30.7115852728043,0.0166856872604031,727,30000,1100,500,TRUE,TRUE,TRUE,TRUE,5,344,TRUE,"NK_healthy-5",1835.8686107194,1835.8686107194
"2019.08.01.count.3.TTGGGTAAGCGTATGG","healthy-4","2019-08-01-count-3:TTGGGTAAGCGTATGG",4.66494431075398,-7.25137712871703,"2019-08-01-count-3","Control4","CD11c+","CD11c+",3,"Control","Control","Control","control_19to26yrs","control_19to26yrs","male","Control",NA,"GSM5613749","2019-08-01-count-3_metadata.csv","2019.08.01.count.3.TTGGGTAAGCGTATGG","CD11c+","4","M",20,"CITE-Seq",NA,NA,NA,NA,NA,NA,NA,NA,NA,NA,NA,NA,NA,NA,NA,NA,NA,NA,NA,NA,NA,NA,NA,NA,NA,NA,NA,NA,NA,NA,NA,NA,NA,NA,NA,NA,NA,NA,NA,NA,NA,NA,NA,NA,NA,NA,"healthy","control","Mono","Mono",2573.80920248134,44.9897164881526,0.0174798180241096,1791,30000,1100,500,TRUE,TRUE,TRUE,TRUE,5,1657,TRUE,"Mono_healthy-4",2568.42187119124,2568.42187119124
"2019.08.01.count.3.TCGGGACAGTAACCGG","healthy-4","2019-08-01-count-3:TCGGGACAGTAACCGG",-3.2957526248997,-5.61704256450804,"2019-08-01-count-3","Control4","Granulocyte","Granulocytes",63,"Control","Control","Control","control_19to26yrs","control_19to26yrs","male","Control",NA,"GSM5613749","2019-08-01-count-3_metadata.csv","2019.08.01.count.3.TCGGGACAGTAACCGG","Granulocyte","4","M",20,"CITE-Seq",NA,NA,NA,NA,NA,NA,NA,NA,NA,NA,NA,NA,NA,NA,NA,NA,NA,NA,NA,NA,NA,NA,NA,NA,NA,NA,NA,NA,NA,NA,NA,NA,NA,NA,NA,NA,NA,NA,NA,NA,NA,NA,NA,NA,NA,NA,"healthy","control","Gran","Gran",2580.84219941644,50.6079027038334,0.0196090651010265,1971,30000,1100,500,TRUE,TRUE,TRUE,TRUE,5,273,TRUE,"Gran_healthy-4",2577.86715779357,2577.86715779357
"2019.08.01.count.3.AAGACAACACCGTCGA","healthy-3","2019-08-01-count-3:AAGACAACACCGTCGA",-3.60438571396526,10.6121082075867,"2019-08-01-count-3","Control3","CD8+ T","CD8+ Cytotoxic",9,"Control","Control","Control","control_39to53yrs","control_39to53yrs","female","Control",NA,"GSM5613749","2019-08-01-count-3_metadata.csv","2019.08.01.count.3.AAGACAACACCGTCGA","CD8+ T","3","F",50,"CITE-Seq",NA,NA,NA,NA,NA,NA,NA,NA,NA,NA,NA,NA,NA,NA,NA,NA,NA,NA,NA,NA,NA,NA,NA,NA,NA,NA,NA,NA,NA,NA,NA,NA,NA,NA,NA,NA,NA,NA,NA,NA,NA,NA,NA,NA,NA,NA,"healthy","control","T","CD8_T",1798.63403762965,49.7639671869616,0.027667644526812,855,30000,1100,500,TRUE,TRUE,TRUE,TRUE,5,1795,TRUE,"T_healthy-3",1795.01848389462,1795.01848389462
"2020.08.26.Control4003.c1.ACATTTCCAGACAAGC","healthy-4003","2020-08-26-Control4003-c1:ACATTTCCAGACAAGC",2.71102537688557,-4.3715481988159,"2020-08-26-Control4003-c1","Control4003","cDC2","cDC2",36,"Control","Control","Control","control_39to53yrs","control_39to53yrs","male","Control",NA,"GSM5613774","2020-08-26","2020.08.26.Control4003.c1.ACATTTCCAGACAAGC","cDC2","4003","M",42,"CITE-Seq + scTCR-seq",NA,NA,NA,NA,NA,NA,NA,NA,NA,NA,NA,NA,NA,NA,NA,NA,NA,NA,NA,NA,NA,NA,NA,NA,NA,NA,NA,NA,NA,NA,NA,NA,NA,NA,NA,NA,NA,NA,NA,NA,NA,NA,NA,NA,NA,NA,"healthy","control","DC","cDC",2796.33648553193,31.183941429053,0.0111517128179662,2705,30000,1100,500,TRUE,TRUE,TRUE,TRUE,5,351,TRUE,"DC_healthy-4003",2783.79354394345,2783.79354394345
"2020.09.11.AML4340_AML1371.c2.TTCCTCTAGACGCTCC","AML-4340","2020-09-11-AML4340_AML1371-c2:TTCCTCTAGACGCTCC",1.34611334380452,11.5156984099182,"2020-09-11-AML4340_AML1371-c2","AML4340","CD4+ T","CD4+ TCM",4,"CNV-","microenvironment","AML","adult_AML","adult_60up","male","Inflammation_high",0.200779727095517,"GSM5613778","2020-09-11","2020.09.11.AML4340_AML1371.c2.TTCCTCTAGACGCTCC","CD4+ T","U-18-4340","M",80,"CITE-seq","OSU","AML4340","AML","Intermediate","46,XY",455,"Flow cytometric analysis of bone 
marrow was performed using a ten color technique with a gating 
strategy based on CD45 staining and light side scatter 
characteristics. Lymphocytes represent 56.7 % of the total events 
analyzed. Of the lymphocytes: 73.2 % are T cells (CD3+) with a 
CD4:CD8 ratio of 2.3 and 12.0 % are NK cells (positive for CD56 
and/or CD16 and negative for CD3). The B cells represent 13.5 % 
of the lymphocytes (8.0 % of the total events analyzed) and 
express CD19+, CD20+ bright  with subpopulation(s) expressing 
CD23+(4%). The B cells are essentially negative for CD10 and 
CD5. Surface immunoglobulin light chains shows a Kappa:Lambda 
ratio of 13:2 with bright staining intensity. Blasts, defined by CD45 
faint staining and low side scatter represent 19.6 % of the total 
events analyzed and express HLA-DR+, CD13+, CD33+, CD34+, 
CD117+, and are negative for the remaining markers analyzed. ","x","","x","","","",NA,NA,"0,37","0","0","0",0,0,"0,34","0",0,"0",0,0,0,0,"0",0,"0,24","0",0,0,"0",0,0,0,"0",0,"0","0",0,"0",0,"AML","case","T","CD4_T",2101.90340232887,39.9527147837595,0.0190078738820693,1485,30000,1100,500,TRUE,TRUE,TRUE,TRUE,5,1366,TRUE,"T_AML-4340",2098.85845106711,2098.85845106711
"2020.08.26.Control4003.c1.GACTGATAGCCTTGAT","healthy-4003","2020-08-26-Control4003-c1:GACTGATAGCCTTGAT",-3.63222728195842,10.4623508223328,"2020-08-26-Control4003-c1","Control4003","CD8+ T","CD8+ Cytotoxic",9,"Control","Control","Control","control_39to53yrs","control_39to53yrs","male","Control",NA,"GSM5613774","2020-08-26","2020.08.26.Control4003.c1.GACTGATAGCCTTGAT","CD8+ T","4003","M",42,"CITE-Seq + scTCR-seq",NA,NA,NA,NA,NA,NA,NA,NA,NA,NA,NA,NA,NA,NA,NA,NA,NA,NA,NA,NA,NA,NA,NA,NA,NA,NA,NA,NA,NA,NA,NA,NA,NA,NA,NA,NA,NA,NA,NA,NA,NA,NA,NA,NA,NA,NA,"healthy","control","T","CD8_T",2093.84608884729,39.9923018858633,0.0190999243444298,1057,30000,1100,500,TRUE,TRUE,TRUE,TRUE,5,2108,TRUE,"T_healthy-4003",2081.32762163033,2081.32762163033
"2021.03.09.AML0693.CCTAAGAAGGAACTAT","AML-0693","2021-03-09-AML0693:CCTAAGAAGGAACTAT",-7.61412177506145,-3.88296081936034,"2021-03-09-AML0693","AML0693","GMP","GMP",41,"CNV+","malignant","AML","adult_AML","adult_60up","female","Inflammation_high",0.988235294117647,"GSM5613784","2021-03-09","2021.03.09.AML0693.CCTAAGAAGGAACTAT","GMP","U-11-0693","F",77,"CITE-seq + scTCR-seq","OSU","AML0693","AML","Adverse","74-89<4n>,XXXX,-8,-9,-9,-12,-17,i(17)(q10),+mar1,+mar2,+dmin[cp18]/46,XX[2] .ish dmin(amp CMYC)",47,"Immunohistochemical stains are performed on the bone marrow biopsy for CD34, CD117, CD79a, CD3, MPO, TdT, and CD68 (monocytic marker).  The
immature cells are positive for MPO, CD68 and CD117.  They are negative for
the rest stains.","","","","","x","",NA,NA,"","","","",NA,0,"","",NA,"0",0,NA,NA,NA,"0",NA,"","",NA,NA,"",NA,NA,NA,"",NA,"","",NA,"mut",NA,"AML","case","HSPC","HSPC",1478.00834916836,47.4256241411122,0.0320875211346387,660,30000,1100,500,TRUE,TRUE,TRUE,TRUE,5,1036,TRUE,"HSPC_AML-0693",1476.23170609725,1476.23170609725
"2020.08.26.Control4003.c2.ATTCACTCAGTAACCT","healthy-4003","2020-08-26-Control4003-c2:ATTCACTCAGTAACCT",2.80408539351766,-6.17506315624388,"2020-08-26-Control4003-c2","Control4003","CD14+ monocyte","CD14+",3,"Control","Control","Control","control_39to53yrs","control_39to53yrs","male","Control",NA,"GSM5613775","2020-08-26","2020.08.26.Control4003.c2.ATTCACTCAGTAACCT","CD14+ monocyte","4003","M",42,"CITE-Seq + scTCR-seq",NA,NA,NA,NA,NA,NA,NA,NA,NA,NA,NA,NA,NA,NA,NA,NA,NA,NA,NA,NA,NA,NA,NA,NA,NA,NA,NA,NA,NA,NA,NA,NA,NA,NA,NA,NA,NA,NA,NA,NA,NA,NA,NA,NA,NA,NA,"healthy","control","Mono","Mono",2468.07209416643,37.0649175248542,0.0150177612770962,1505,30000,1100,500,TRUE,TRUE,TRUE,TRUE,5,2986,TRUE,"Mono_healthy-4003",2460.33548859498,2460.33548859498
"2019.08.29.count.1.GGAGCAACAGTCTCTC","healthy-5","2019-08-29-count-1:GGAGCAACAGTCTCTC",5.32935299453084,-10.2573051682678,"2019-08-29-count-1","Control5","CD16+ monocyte","CD16+",50,"Control","Control","Control","control_39to53yrs","control_39to53yrs","male","Control",NA,"GSM5613751","2019-08-29-count-1_metadata.csv","2019.08.29.count.1.GGAGCAACAGTCTCTC","CD16+ monocyte","5","M",47,"CITE-Seq",NA,NA,NA,NA,NA,NA,NA,NA,NA,NA,NA,NA,NA,NA,NA,NA,NA,NA,NA,NA,NA,NA,NA,NA,NA,NA,NA,NA,NA,NA,NA,NA,NA,NA,NA,NA,NA,NA,NA,NA,NA,NA,NA,NA,NA,NA,"healthy","control","Mono","Mono",2056.05184628246,40.5674853054313,0.0197307696198329,1044,30000,1100,500,TRUE,TRUE,TRUE,TRUE,5,1687,TRUE,"Mono_healthy-5",2049.58266271678,2049.58266271678
"2021.03.09.AML0693.GAGACCCAGGGCTAAC","AML-0693","2021-03-09-AML0693:GAGACCCAGGGCTAAC",8.91433682021443,6.90062711322633,"2021-03-09-AML0693","AML0693","B","Memory",0,"CNV+","microenvironment","AML","adult_AML","adult_60up","female","Inflammation_high",0.115445679292357,"GSM5613784","2021-03-09","2021.03.09.AML0693.GAGACCCAGGGCTAAC","B","U-11-0693","F",77,"CITE-seq + scTCR-seq","OSU","AML0693","AML","Adverse","74-89<4n>,XXXX,-8,-9,-9,-12,-17,i(17)(q10),+mar1,+mar2,+dmin[cp18]/46,XX[2] .ish dmin(amp CMYC)",47,"Immunohistochemical stains are performed on the bone marrow biopsy for CD34, CD117, CD79a, CD3, MPO, TdT, and CD68 (monocytic marker).  The
immature cells are positive for MPO, CD68 and CD117.  They are negative for
the rest stains.","","","","","x","",NA,NA,"","","","",NA,0,"","",NA,"0",0,NA,NA,NA,"0",NA,"","",NA,NA,"",NA,NA,NA,"",NA,"","",NA,"mut",NA,"AML","case","B","B",1741.76582069042,45.2734857585733,0.0259928661021878,843,30000,1100,500,TRUE,TRUE,TRUE,TRUE,5,820,TRUE,"B_AML-0693",1734.92948525362,1734.92948525362
"2019.08.01.count.4.CTTGAGAAGTCCTGCG","healthy-4","2019-08-01-count-4:CTTGAGAAGTCCTGCG",3.17155088958089,-6.58607151424559,"2019-08-01-count-4","Control4","CD14+ monocyte","CD14+",3,"Control","Control","Control","control_19to26yrs","control_19to26yrs","male","Control",NA,"GSM5613750","2019-08-01-count-4_metadata.csv","2019.08.01.count.4.CTTGAGAAGTCCTGCG","CD14+ monocyte","4","M",20,"CITE-Seq",NA,NA,NA,NA,NA,NA,NA,NA,NA,NA,NA,NA,NA,NA,NA,NA,NA,NA,NA,NA,NA,NA,NA,NA,NA,NA,NA,NA,NA,NA,NA,NA,NA,NA,NA,NA,NA,NA,NA,NA,NA,NA,NA,NA,NA,NA,"healthy","control","Mono","Mono",2232.03094577111,42.2514509576527,0.0189295990889839,1261,30000,1100,500,TRUE,TRUE,TRUE,TRUE,5,1657,TRUE,"Mono_healthy-4",2224.81490134487,2224.81490134487
"2021.03.09.AML0693.GGGTATTAGCTGTTAC","AML-0693","2021-03-09-AML0693:GGGTATTAGCTGTTAC",-7.72980151596721,-2.45826103603514,"2021-03-09-AML0693","AML0693","GMP","GMP",66,"CNV+","malignant","AML","adult_AML","adult_60up","female","Inflammation_high",0.972627737226277,"GSM5613784","2021-03-09","2021.03.09.AML0693.GGGTATTAGCTGTTAC","GMP","U-11-0693","F",77,"CITE-seq + scTCR-seq","OSU","AML0693","AML","Adverse","74-89<4n>,XXXX,-8,-9,-9,-12,-17,i(17)(q10),+mar1,+mar2,+dmin[cp18]/46,XX[2] .ish dmin(amp CMYC)",47,"Immunohistochemical stains are performed on the bone marrow biopsy for CD34, CD117, CD79a, CD3, MPO, TdT, and CD68 (monocytic marker).  The
immature cells are positive for MPO, CD68 and CD117.  They are negative for
the rest stains.","","","","","x","",NA,NA,"","","","",NA,0,"","",NA,"0",0,NA,NA,NA,"0",NA,"","",NA,NA,"",NA,NA,NA,"",NA,"","",NA,"mut",NA,"AML","case","HSPC","HSPC",3376.62673741745,32.0025481578903,0.00947766829044506,3040,30000,1100,500,TRUE,TRUE,TRUE,TRUE,5,1036,TRUE,"HSPC_AML-0693",3348.64792601063,3348.64792601063
"2021.03.09.AML0693.TATGTTCGTCGCAACC","AML-0693","2021-03-09-AML0693:TATGTTCGTCGCAACC",0.289782484143418,9.85620877826539,"2021-03-09-AML0693","AML0693","CD4+ T","CD4+ TCM",4,"CNV+","malignant","AML","adult_AML","adult_60up","female","Inflammation_high",0.0664136622390892,"GSM5613784","2021-03-09","2021.03.09.AML0693.TATGTTCGTCGCAACC","CD4+ T","U-11-0693","F",77,"CITE-seq + scTCR-seq","OSU","AML0693","AML","Adverse","74-89<4n>,XXXX,-8,-9,-9,-12,-17,i(17)(q10),+mar1,+mar2,+dmin[cp18]/46,XX[2] .ish dmin(amp CMYC)",47,"Immunohistochemical stains are performed on the bone marrow biopsy for CD34, CD117, CD79a, CD3, MPO, TdT, and CD68 (monocytic marker).  The
immature cells are positive for MPO, CD68 and CD117.  They are negative for
the rest stains.","","","","","x","",NA,NA,"","","","",NA,0,"","",NA,"0",0,NA,NA,NA,"0",NA,"","",NA,NA,"",NA,NA,NA,"",NA,"","",NA,"mut",NA,"AML","case","T","CD4_T",1393.89563796367,45.4295130925503,0.0325917607138205,530,30000,1100,500,TRUE,TRUE,TRUE,TRUE,5,450,TRUE,"T_AML-0693",1378.82499667076,1378.82499667076
"2020.08.26.Control4003.c3.AACAAAGCAGATTAAG","healthy-4003","2020-08-26-Control4003-c3:AACAAAGCAGATTAAG",5.348969121545,-10.1756162873474,"2020-08-26-Control4003-c3","Control4003","CD16+ monocyte","CD16+",50,"Control","Control","Control","control_39to53yrs","control_39to53yrs","male","Control",NA,"GSM5613776","2020-08-26","2020.08.26.Control4003.c3.AACAAAGCAGATTAAG","CD16+ monocyte","4003","M",42,"CITE-Seq + scTCR-seq",NA,NA,NA,NA,NA,NA,NA,NA,NA,NA,NA,NA,NA,NA,NA,NA,NA,NA,NA,NA,NA,NA,NA,NA,NA,NA,NA,NA,NA,NA,NA,NA,NA,NA,NA,NA,NA,NA,NA,NA,NA,NA,NA,NA,NA,NA,"healthy","control","Mono","Mono",2314.14262997846,31.7030012898884,0.0136996747215117,1246,30000,1100,500,TRUE,TRUE,TRUE,TRUE,5,2986,TRUE,"Mono_healthy-4003",2309.56848438531,2309.56848438531
"2020.08.26.Control4003.c2.AGTACTGAGCTGAAAT","healthy-4003","2020-08-26-Control4003-c2:AGTACTGAGCTGAAAT",-5.21494470062907,-5.13645841991576,"2020-08-26-Control4003-c2","Control4003","Granulocyte","Granulocytes (cycling)",38,"Control","Control","Control","control_39to53yrs","control_39to53yrs","male","Control",NA,"GSM5613775","2020-08-26","2020.08.26.Control4003.c2.AGTACTGAGCTGAAAT","Granulocyte","4003","M",42,"CITE-Seq + scTCR-seq",NA,NA,NA,NA,NA,NA,NA,NA,NA,NA,NA,NA,NA,NA,NA,NA,NA,NA,NA,NA,NA,NA,NA,NA,NA,NA,NA,NA,NA,NA,NA,NA,NA,NA,NA,NA,NA,NA,NA,NA,NA,NA,NA,NA,NA,NA,"healthy","control","Gran","Gran",2323.86655231413,48.2189550238775,0.0207494509423791,1316,30000,1100,500,TRUE,TRUE,TRUE,TRUE,5,168,TRUE,"Gran_healthy-4003",2315.111368608,2315.111368608
"2019.08.01.count.4.TGTTGGAAGCAGCAGT","healthy-4","2019-08-01-count-4:TGTTGGAAGCAGCAGT",4.0784555869991,-6.21100618755492,"2019-08-01-count-4","Control4","cDC2","cDC2",36,"Control","Control","Control","control_19to26yrs","control_19to26yrs","male","Control",NA,"GSM5613750","2019-08-01-count-4_metadata.csv","2019.08.01.count.4.TGTTGGAAGCAGCAGT","cDC2","4","M",20,"CITE-Seq",NA,NA,NA,NA,NA,NA,NA,NA,NA,NA,NA,NA,NA,NA,NA,NA,NA,NA,NA,NA,NA,NA,NA,NA,NA,NA,NA,NA,NA,NA,NA,NA,NA,NA,NA,NA,NA,NA,NA,NA,NA,NA,NA,NA,NA,NA,"healthy","control","DC","cDC",2781.89490789512,40.97286803002,0.0147284025409218,2413,30000,1100,500,TRUE,TRUE,TRUE,TRUE,5,178,TRUE,"DC_healthy-4",2774.03543628951,2774.03543628951
"2019.08.01.count.2.GAAATGATCCATTCAT","healthy-3","2019-08-01-count-2:GAAATGATCCATTCAT",11.2931496101314,4.39758012378541,"2019-08-01-count-2","Control3","Pro-B","Pro-B",48,"Control","Control","Control","control_39to53yrs","control_39to53yrs","female","Control",NA,"GSM5613748","2019-08-01-count-2_metadata.csv","2019.08.01.count.2.GAAATGATCCATTCAT","Pro-B","3","F",50,"CITE-Seq",NA,NA,NA,NA,NA,NA,NA,NA,NA,NA,NA,NA,NA,NA,NA,NA,NA,NA,NA,NA,NA,NA,NA,NA,NA,NA,NA,NA,NA,NA,NA,NA,NA,NA,NA,NA,NA,NA,NA,NA,NA,NA,NA,NA,NA,NA,"healthy","control","B","B",1900.08940851972,39.0665743984886,0.0205603874340438,884,30000,1100,500,TRUE,TRUE,TRUE,TRUE,5,517,TRUE,"B_healthy-3",1894.47061427645,1894.47061427645
"2019.08.29.count.2.GCATTAGAGATCCCGC","healthy-5","2019-08-29-count-2:GCATTAGAGATCCCGC",-6.93857989731486,3.13552448833314,"2019-08-29-count-2","Control5","MPP","MPP_GMP",65,"Control","Control","Control","control_39to53yrs","control_39to53yrs","male","Control",NA,"GSM5613752","2019-08-29-count-2_metadata.csv","2019.08.29.count.2.GCATTAGAGATCCCGC","MPP","5","M",47,"CITE-Seq",NA,NA,NA,NA,NA,NA,NA,NA,NA,NA,NA,NA,NA,NA,NA,NA,NA,NA,NA,NA,NA,NA,NA,NA,NA,NA,NA,NA,NA,NA,NA,NA,NA,NA,NA,NA,NA,NA,NA,NA,NA,NA,NA,NA,NA,NA,"healthy","control","HSPC","HSPC",2167.41490737234,38.534975929424,0.017779233592216,1329,30000,1100,500,TRUE,TRUE,TRUE,TRUE,5,113,TRUE,"HSPC_healthy-5",2162.07046271698,2162.07046271698
"2021.03.09.AML0693.TCACTATTCATGGTAC","AML-0693","2021-03-09-AML0693:TCACTATTCATGGTAC",11.5669552284176,-3.03293373500975,"2021-03-09-AML0693","AML0693","Ery","Erythrocytes",34,"CNV+","malignant","AML","adult_AML","adult_60up","female","Inflammation_high",0.830769230769231,"GSM5613784","2021-03-09","2021.03.09.AML0693.TCACTATTCATGGTAC","Ery","U-11-0693","F",77,"CITE-seq + scTCR-seq","OSU","AML0693","AML","Adverse","74-89<4n>,XXXX,-8,-9,-9,-12,-17,i(17)(q10),+mar1,+mar2,+dmin[cp18]/46,XX[2] .ish dmin(amp CMYC)",47,"Immunohistochemical stains are performed on the bone marrow biopsy for CD34, CD117, CD79a, CD3, MPO, TdT, and CD68 (monocytic marker).  The
immature cells are positive for MPO, CD68 and CD117.  They are negative for
the rest stains.","","","","","x","",NA,NA,"","","","",NA,0,"","",NA,"0",0,NA,NA,NA,"0",NA,"","",NA,NA,"",NA,NA,NA,"",NA,"","",NA,"mut",NA,"AML","case","Ery","Ery",1855.15944682326,50.1503812159586,0.0270329223193377,973,30000,1100,500,TRUE,TRUE,TRUE,TRUE,5,458,TRUE,"Ery_AML-0693",1850.2032212835,1850.2032212835
"2019.07.01.count.3.AGAGCAGTCTCGCCTA","AML-0160","2019-07-01-count-3:AGAGCAGTCTCGCCTA",1.5326278406078,-8.65731432354125,"2019-07-01-count-3","AML0160","Granulocyte","Granulocytes",51,"CNV-","malignant","AML","adult_AML","adult_60up","male","Inflammation_low",0.966314398943197,"GSM5613746","2019-07-01-count-3_metadata.csv","2019.07.01.count.3.AGAGCAGTCTCGCCTA","Granulocyte","U-16-0160","M",74,"CITE-seq","OSU","AML0160","AML","Adverse","46,XY[30]",3,"Blasts/promonocytes (30%) and monocytes (33%) represent the majority of the differential count of the bone marrow aspirates. Flow cytometric analysis demonstrates 11% CD34 positive myeloid blasts. The findings are those of an acute myeloid leukemia which in the absence of recurrent cytogenetic/molecular abnormalities, is best classified as acute myelomonocytic leukemia. The blasts represent 10.7% of
the total events analyzed and express CD34+, CD33+, CD13+, HLA-DR+, CD117+
with subsets expressing CD4 (29.1%), CD8 (12.4%), and CD11b (7.1%).","","","","x","","x",NA,NA,"0","0","0,45","0",0,0,"0","0",0,"0",0,0,0,0,"0",0,"0","0",0,0,"0,76",0,0,0,"0",0,"0,43","0",0,"0",0,"AML","case","Gran","Gran",2197.91798985476,42.6263084514212,0.0193939485677707,1526,30000,1100,500,TRUE,TRUE,TRUE,TRUE,5,171,TRUE,"Gran_AML-0160",2195.77446684309,2195.77446684309
"2019.07.01.count.3.CACCAAACATCCTGTC","AML-3133","2019-07-01-count-3:CACCAAACATCCTGTC",1.76610233363454,-10.1367702714172,"2019-07-01-count-3","AML3133","CD14+ monocyte","CD14+",13,"CNV-","microenvironment","AML","adult_AML","adult_younger60","male","Inflammation_low",0.00740009866798224,"GSM5613746","2019-07-01-count-3_metadata.csv","2019.07.01.count.3.CACCAAACATCCTGTC","CD14+ monocyte","U-16-3133","M",57,"CITE-seq","OSU","AML3133","AML","Favorable","46,XY[19]/nonclonal[1]",170,"11/4/2016: The amended report includes staining results for cMPO, cCD3, cCD79a, and TdT. The blasts are positive for cMPO. This does not alter the previous diagnosis.   
SAMPLE TYPE: Bone Marrow 
LABORATORY INTERPRETATION: 
Immunophenotypic analysis demonstrates an abnormal myeloid 
blast population (approximately 8% of total events) with aberrant CD7 expression, consistent with a myeloid neoplasm. Correlation with bone marrow morphology and cytogenetic studies is 
recommended. The B cells are unremarkable. The T cells have a mildly elevated CD4:CD8 ratio with no significant loss of T cell antigens as can be seen in reactive T cells. 
PHENOTYPIC DESCRIPTION: Flow cytometric analysis of bone marrow was performed using a ten color technique with a gating strategy based on CD45 staining and light side scatter characteristics. Lymphocytes represent 22.6 % of the total events analyzed. Of the lymphocytes: 11.1 % are B cells (CD19+) with a Kappa:Lambda ratio of 8:5 , 81.6 % are T cells (CD3+) with a 
CD4:CD8 ratio of 4.7 and 6.6 % are NK cells (positive for CD56 and/or CD16 and negative for CD3). Blasts, defined by CD45 faint staining and low side scatter represent 7.8 % of the total events 
analyzed and express CD117+, CD13+, HLA DR+, CD7+, CD33+, MPO+ with subpopulatios sexpressing CD4+ (20%), CD34+ (24%), CD65+ (32%) and are negative for the remaining markers 
analyzed. The monocytes show aberrant expression of CD56/CD16. ","x","x","x","","","",NA,NA,"0,3","0","0","0",0,0,"0","0,44",0,"0",0,0,0,0,"0,44",0,"0","0.05
0.08",0,0,"0",0,0,0,"0",0,"0","0",0,"0",0,"AML","case","Mono","Mono",2199.0804462589,41.1432369539375,0.0187092914331219,1327,30000,1100,500,TRUE,TRUE,TRUE,TRUE,5,474,TRUE,"Mono_AML-3133",2195.40713473746,2195.40713473746
"2019.08.01.count.4.CATCCACAGACTCATC","healthy-4","2019-08-01-count-4:CATCCACAGACTCATC",-1.66182647171672,8.84325883472291,"2019-08-01-count-4","Control4","CD8+ T","CD8+ NK-like",15,"Control","Control","Control","control_19to26yrs","control_19to26yrs","male","Control",NA,"GSM5613750","2019-08-01-count-4_metadata.csv","2019.08.01.count.4.CATCCACAGACTCATC","CD8+ T","4","M",20,"CITE-Seq",NA,NA,NA,NA,NA,NA,NA,NA,NA,NA,NA,NA,NA,NA,NA,NA,NA,NA,NA,NA,NA,NA,NA,NA,NA,NA,NA,NA,NA,NA,NA,NA,NA,NA,NA,NA,NA,NA,NA,NA,NA,NA,NA,NA,NA,NA,"healthy","control","T","CD8_T",2181.40074667572,49.3209743940795,0.022609772399336,1135,30000,1100,500,TRUE,TRUE,TRUE,TRUE,5,1298,TRUE,"T_healthy-4",2167.90050128796,2167.90050128796
"2020.08.26.Control4003.c2.GAGGGATCAAACCGGA","healthy-4003","2020-08-26-Control4003-c2:GAGGGATCAAACCGGA",3.88503374633138,-6.38290359890135,"2020-08-26-Control4003-c2","Control4003","CD14+ monocyte","CD14+",3,"Control","Control","Control","control_39to53yrs","control_39to53yrs","male","Control",NA,"GSM5613775","2020-08-26","2020.08.26.Control4003.c2.GAGGGATCAAACCGGA","CD14+ monocyte","4003","M",42,"CITE-Seq + scTCR-seq",NA,NA,NA,NA,NA,NA,NA,NA,NA,NA,NA,NA,NA,NA,NA,NA,NA,NA,NA,NA,NA,NA,NA,NA,NA,NA,NA,NA,NA,NA,NA,NA,NA,NA,NA,NA,NA,NA,NA,NA,NA,NA,NA,NA,NA,NA,"healthy","control","Mono","Mono",2491.14064959594,35.9289033958432,0.014422671558778,1585,30000,1100,500,TRUE,TRUE,TRUE,TRUE,5,2986,TRUE,"Mono_healthy-4003",2488.72661983185,2488.72661983185
"2020.08.26.Control4003.c3.TGACGCGCAAATGGAT","healthy-4003","2020-08-26-Control4003-c3:TGACGCGCAAATGGAT",3.9797121482784,-7.07871200954589,"2020-08-26-Control4003-c3","Control4003","CD14+ monocyte","CD14+",3,"Control","Control","Control","control_39to53yrs","control_39to53yrs","male","Control",NA,"GSM5613776","2020-08-26","2020.08.26.Control4003.c3.TGACGCGCAAATGGAT","CD14+ monocyte","4003","M",42,"CITE-Seq + scTCR-seq",NA,NA,NA,NA,NA,NA,NA,NA,NA,NA,NA,NA,NA,NA,NA,NA,NA,NA,NA,NA,NA,NA,NA,NA,NA,NA,NA,NA,NA,NA,NA,NA,NA,NA,NA,NA,NA,NA,NA,NA,NA,NA,NA,NA,NA,NA,"healthy","control","Mono","Mono",2443.29212384988,10.3007394395682,0.00421592626563923,1607,30000,1100,500,TRUE,TRUE,TRUE,TRUE,5,2986,TRUE,"Mono_healthy-4003",2443.29212384988,2443.29212384988
"2019.08.01.count.3.GCATCTCGTCCCTGTT","healthy-2","2019-08-01-count-3:GCATCTCGTCCCTGTT",3.32286967810933,-10.1630029908386,"2019-08-01-count-3","Control2","HLA-II+ monocyte","HLA-II+",13,"Control","Control","Control","control_39to53yrs","control_39to53yrs","male","Control",NA,"GSM5613749","2019-08-01-count-3_metadata.csv","2019.08.01.count.3.GCATCTCGTCCCTGTT","HLA-II+ monocyte","2","M",39,"CITE-Seq",NA,NA,NA,NA,NA,NA,NA,NA,NA,NA,NA,NA,NA,NA,NA,NA,NA,NA,NA,NA,NA,NA,NA,NA,NA,NA,NA,NA,NA,NA,NA,NA,NA,NA,NA,NA,NA,NA,NA,NA,NA,NA,NA,NA,NA,NA,"healthy","control","Mono","Mono",2563.95354787946,38.9552121810577,0.0151934157361298,2274,30000,1100,500,TRUE,TRUE,TRUE,TRUE,5,1372,TRUE,"Mono_healthy-2",2555.27178719672,2555.27178719672
"2019.08.01.count.2.GAGGGATCATAGTCGT","healthy-4","2019-08-01-count-2:GAGGGATCATAGTCGT",-7.3062838119572,2.49761364543764,"2019-08-01-count-2","Control4","MPP","MPP_GMP",65,"Control","Control","Control","control_19to26yrs","control_19to26yrs","male","Control",NA,"GSM5613748","2019-08-01-count-2_metadata.csv","2019.08.01.count.2.GAGGGATCATAGTCGT","MPP","4","M",20,"CITE-Seq",NA,NA,NA,NA,NA,NA,NA,NA,NA,NA,NA,NA,NA,NA,NA,NA,NA,NA,NA,NA,NA,NA,NA,NA,NA,NA,NA,NA,NA,NA,NA,NA,NA,NA,NA,NA,NA,NA,NA,NA,NA,NA,NA,NA,NA,NA,"healthy","control","HSPC","HSPC",2806.99582739436,41.6320283620898,0.0148315248479494,2801,30000,1100,500,TRUE,TRUE,TRUE,TRUE,5,135,TRUE,"HSPC_healthy-4",2791.3265381515,2791.3265381515
"2020.09.15.AML0024.GAGAAATCAATGTGGG","AML-0024","2020-09-15-AML0024:GAGAAATCAATGTGGG",-0.554562072188217,-15.7470617524353,"2020-09-15-AML0024","AML0024","CD14+ monocyte","CD14+",7,"CNV+","malignant","AML","adult_AML","adult_60up","male","Inflammation_high",1,"GSM5613779","2020-09-15","2020.09.15.AML0024.GAGAAATCAATGTGGG","CD14+ monocyte","U-06-0024","M",64,"CITE-seq","OSU","AML0024","AML","Adverse","48,XY,+8,+8,i(8)(p10),t(9;15)(q33;q15),del(10)(q22.1q24),del(13)(q14q21)",137,"","","","","","","",NA,NA,"0+T2:BL24","0,46","0","0,99",0,0,"0","0",0,"0,06",0,0,0,0,"0,17",0,"0","0,17",0,0,"0",0,0,0,"0",0,"0","0,45",0,"0",0,"AML","case","Mono","Mono",2900.41972617142,35.0880028828355,0.0120975604207299,2730,30000,1100,500,TRUE,TRUE,TRUE,TRUE,5,5451,TRUE,"Mono_AML-0024",2894.30828184006,2894.30828184006
"2020.08.26.Control4003.c1.TCAGCAACAGCTAACT","healthy-4003","2020-08-26-Control4003-c1:TCAGCAACAGCTAACT",5.60975756224934,-9.84504129802855,"2020-08-26-Control4003-c1","Control4003","CD16+ monocyte","CD16+",50,"Control","Control","Control","control_39to53yrs","control_39to53yrs","male","Control",NA,"GSM5613774","2020-08-26","2020.08.26.Control4003.c1.TCAGCAACAGCTAACT","CD16+ monocyte","4003","M",42,"CITE-Seq + scTCR-seq",NA,NA,NA,NA,NA,NA,NA,NA,NA,NA,NA,NA,NA,NA,NA,NA,NA,NA,NA,NA,NA,NA,NA,NA,NA,NA,NA,NA,NA,NA,NA,NA,NA,NA,NA,NA,NA,NA,NA,NA,NA,NA,NA,NA,NA,NA,"healthy","control","Mono","Mono",2558.74757130806,19.1863732164694,0.00749834545291279,1552,30000,1100,500,TRUE,TRUE,TRUE,TRUE,5,2986,TRUE,"Mono_healthy-4003",2557.42905628089,2557.42905628089
"2020.09.11.AML4340_AML1371.c2.ACTGTGACACGAGGAT","AML-4340","2020-09-11-AML4340_AML1371-c2:ACTGTGACACGAGGAT",6.42616476592366,-10.1074724427429,"2020-09-11-AML4340_AML1371-c2","AML4340","CD14+ monocyte","CD14+",10,"CNV-","malignant","AML","adult_AML","adult_60up","male","Inflammation_high",0.934959349593496,"GSM5613778","2020-09-11","2020.09.11.AML4340_AML1371.c2.ACTGTGACACGAGGAT","CD14+ monocyte","U-18-4340","M",80,"CITE-seq","OSU","AML4340","AML","Intermediate","46,XY",455,"Flow cytometric analysis of bone 
marrow was performed using a ten color technique with a gating 
strategy based on CD45 staining and light side scatter 
characteristics. Lymphocytes represent 56.7 % of the total events 
analyzed. Of the lymphocytes: 73.2 % are T cells (CD3+) with a 
CD4:CD8 ratio of 2.3 and 12.0 % are NK cells (positive for CD56 
and/or CD16 and negative for CD3). The B cells represent 13.5 % 
of the lymphocytes (8.0 % of the total events analyzed) and 
express CD19+, CD20+ bright  with subpopulation(s) expressing 
CD23+(4%). The B cells are essentially negative for CD10 and 
CD5. Surface immunoglobulin light chains shows a Kappa:Lambda 
ratio of 13:2 with bright staining intensity. Blasts, defined by CD45 
faint staining and low side scatter represent 19.6 % of the total 
events analyzed and express HLA-DR+, CD13+, CD33+, CD34+, 
CD117+, and are negative for the remaining markers analyzed. ","x","","x","","","",NA,NA,"0,37","0","0","0",0,0,"0,34","0",0,"0",0,0,0,0,"0",0,"0,24","0",0,0,"0",0,0,0,"0",0,"0","0",0,"0",0,"AML","case","Mono","Mono",2584.73776338785,40.2291729011654,0.0155641216184487,2412,30000,1100,500,TRUE,TRUE,TRUE,TRUE,5,241,TRUE,"Mono_AML-4340",2579.70648782833,2579.70648782833
"2020.08.26.Control4003.c3.CTCAAGACAACTCATG","healthy-4003","2020-08-26-Control4003-c3:CTCAAGACAACTCATG",5.3255053955013,-10.0667238465515,"2020-08-26-Control4003-c3","Control4003","CD16+ monocyte","CD16+",50,"Control","Control","Control","control_39to53yrs","control_39to53yrs","male","Control",NA,"GSM5613776","2020-08-26","2020.08.26.Control4003.c3.CTCAAGACAACTCATG","CD16+ monocyte","4003","M",42,"CITE-Seq + scTCR-seq",NA,NA,NA,NA,NA,NA,NA,NA,NA,NA,NA,NA,NA,NA,NA,NA,NA,NA,NA,NA,NA,NA,NA,NA,NA,NA,NA,NA,NA,NA,NA,NA,NA,NA,NA,NA,NA,NA,NA,NA,NA,NA,NA,NA,NA,NA,"healthy","control","Mono","Mono",2577.35638851928,40.9403475115001,0.0158846280219014,1581,30000,1100,500,TRUE,TRUE,TRUE,TRUE,5,2986,TRUE,"Mono_healthy-4003",2570.74344617346,2570.74344617346
"2019.08.01.count.2.GAACGTTAGGCCACTC","healthy-1","2019-08-01-count-2:GAACGTTAGGCCACTC",3.27553190764729,-10.6936226121155,"2019-08-01-count-2","Control1","HLA-II+ monocyte","HLA-II+",13,"Control","Control","Control","control_19to26yrs","control_19to26yrs","female","Control",NA,"GSM5613748","2019-08-01-count-2_metadata.csv","2019.08.01.count.2.GAACGTTAGGCCACTC","HLA-II+ monocyte","1","F",26,"CITE-Seq",NA,NA,NA,NA,NA,NA,NA,NA,NA,NA,NA,NA,NA,NA,NA,NA,NA,NA,NA,NA,NA,NA,NA,NA,NA,NA,NA,NA,NA,NA,NA,NA,NA,NA,NA,NA,NA,NA,NA,NA,NA,NA,NA,NA,NA,NA,"healthy","control","Mono","Mono",2258.59690684022,39.9017926093199,0.0176666285553107,1658,30000,1100,500,TRUE,TRUE,TRUE,TRUE,5,1120,TRUE,"Mono_healthy-1",2254.90855247468,2254.90855247468
"2019.07.01.count.3.AACCCAATCCCTCATG","AML-3133","2019-07-01-count-3:AACCCAATCCCTCATG",0.013376054435414,8.99523446643678,"2019-07-01-count-3","AML3133","CD4+ T","CD4+ Naive",4,"CNV-","microenvironment","AML","adult_AML","adult_younger60","male","Inflammation_low",0.285506825442928,"GSM5613746","2019-07-01-count-3_metadata.csv","2019.07.01.count.3.AACCCAATCCCTCATG","CD4+ T","U-16-3133","M",57,"CITE-seq","OSU","AML3133","AML","Favorable","46,XY[19]/nonclonal[1]",170,"11/4/2016: The amended report includes staining results for cMPO, cCD3, cCD79a, and TdT. The blasts are positive for cMPO. This does not alter the previous diagnosis.   
SAMPLE TYPE: Bone Marrow 
LABORATORY INTERPRETATION: 
Immunophenotypic analysis demonstrates an abnormal myeloid 
blast population (approximately 8% of total events) with aberrant CD7 expression, consistent with a myeloid neoplasm. Correlation with bone marrow morphology and cytogenetic studies is 
recommended. The B cells are unremarkable. The T cells have a mildly elevated CD4:CD8 ratio with no significant loss of T cell antigens as can be seen in reactive T cells. 
PHENOTYPIC DESCRIPTION: Flow cytometric analysis of bone marrow was performed using a ten color technique with a gating strategy based on CD45 staining and light side scatter characteristics. Lymphocytes represent 22.6 % of the total events analyzed. Of the lymphocytes: 11.1 % are B cells (CD19+) with a Kappa:Lambda ratio of 8:5 , 81.6 % are T cells (CD3+) with a 
CD4:CD8 ratio of 4.7 and 6.6 % are NK cells (positive for CD56 and/or CD16 and negative for CD3). Blasts, defined by CD45 faint staining and low side scatter represent 7.8 % of the total events 
analyzed and express CD117+, CD13+, HLA DR+, CD7+, CD33+, MPO+ with subpopulatios sexpressing CD4+ (20%), CD34+ (24%), CD65+ (32%) and are negative for the remaining markers 
analyzed. The monocytes show aberrant expression of CD56/CD16. ","x","x","x","","","",NA,NA,"0,3","0","0","0",0,0,"0","0,44",0,"0",0,0,0,0,"0,44",0,"0","0.05
0.08",0,0,"0",0,0,0,"0",0,"0","0",0,"0",0,"AML","case","T","CD4_T",1954.21767513507,42.2581236092858,0.0216240617137827,1014,30000,1100,500,TRUE,TRUE,TRUE,TRUE,5,1256,TRUE,"T_AML-3133",1950.99496031096,1950.99496031096
"2019.08.01.count.2.GAACTGTTCGCCTTTG","healthy-3","2019-08-01-count-2:GAACTGTTCGCCTTTG",2.62505068358724,-6.09399320995482,"2019-08-01-count-2","Control3","Granulocyte","Granulocytes",3,"Control","Control","Control","control_39to53yrs","control_39to53yrs","female","Control",NA,"GSM5613748","2019-08-01-count-2_metadata.csv","2019.08.01.count.2.GAACTGTTCGCCTTTG","Granulocyte","3","F",50,"CITE-Seq",NA,NA,NA,NA,NA,NA,NA,NA,NA,NA,NA,NA,NA,NA,NA,NA,NA,NA,NA,NA,NA,NA,NA,NA,NA,NA,NA,NA,NA,NA,NA,NA,NA,NA,NA,NA,NA,NA,NA,NA,NA,NA,NA,NA,NA,NA,"healthy","control","Gran","Gran",2751.06178253798,48.9135374930156,0.017779876047673,2348,30000,1100,500,TRUE,TRUE,TRUE,TRUE,5,148,TRUE,"Gran_healthy-3",2745.79396121821,2745.79396121821
"2019.08.01.count.2.GTACAACTCCATCAGA","healthy-1","2019-08-01-count-2:GTACAACTCCATCAGA",1.18183579024617,10.9159221419129,"2019-08-01-count-2","Control1","CD4+ T","CD4+ Naive",4,"Control","Control","Control","control_19to26yrs","control_19to26yrs","female","Control",NA,"GSM5613748","2019-08-01-count-2_metadata.csv","2019.08.01.count.2.GTACAACTCCATCAGA","CD4+ T","1","F",26,"CITE-Seq",NA,NA,NA,NA,NA,NA,NA,NA,NA,NA,NA,NA,NA,NA,NA,NA,NA,NA,NA,NA,NA,NA,NA,NA,NA,NA,NA,NA,NA,NA,NA,NA,NA,NA,NA,NA,NA,NA,NA,NA,NA,NA,NA,NA,NA,NA,"healthy","control","T","CD4_T",1878.4365538003,39.9865991045757,0.0212871704522988,1156,30000,1100,500,TRUE,TRUE,TRUE,TRUE,5,667,TRUE,"T_healthy-1",1867.40562721681,1867.40562721681
"2020.08.26.Control4003.c2.CATGCTCGTCACGACC","healthy-4003","2020-08-26-Control4003-c2:CATGCTCGTCACGACC",4.4161397415096,-7.1940751305786,"2020-08-26-Control4003-c2","Control4003","CD14+ monocyte","CD14+",3,"Control","Control","Control","control_39to53yrs","control_39to53yrs","male","Control",NA,"GSM5613775","2020-08-26","2020.08.26.Control4003.c2.CATGCTCGTCACGACC","CD14+ monocyte","4003","M",42,"CITE-Seq + scTCR-seq",NA,NA,NA,NA,NA,NA,NA,NA,NA,NA,NA,NA,NA,NA,NA,NA,NA,NA,NA,NA,NA,NA,NA,NA,NA,NA,NA,NA,NA,NA,NA,NA,NA,NA,NA,NA,NA,NA,NA,NA,NA,NA,NA,NA,NA,NA,"healthy","control","Mono","Mono",2573.3851322124,33.0440379550973,0.0128406889203904,1559,30000,1100,500,TRUE,TRUE,TRUE,TRUE,5,2986,TRUE,"Mono_healthy-4003",2566.91996453847,2566.91996453847
"2019.08.29.count.1.ACTACGACAGGATCTT","healthy-5","2019-08-29-count-1:ACTACGACAGGATCTT",-4.50255093994792,-5.21807720577391,"2019-08-29-count-1","Control5","Granulocyte","Granulocytes",63,"Control","Control","Control","control_39to53yrs","control_39to53yrs","male","Control",NA,"GSM5613751","2019-08-29-count-1_metadata.csv","2019.08.29.count.1.ACTACGACAGGATCTT","Granulocyte","5","M",47,"CITE-Seq",NA,NA,NA,NA,NA,NA,NA,NA,NA,NA,NA,NA,NA,NA,NA,NA,NA,NA,NA,NA,NA,NA,NA,NA,NA,NA,NA,NA,NA,NA,NA,NA,NA,NA,NA,NA,NA,NA,NA,NA,NA,NA,NA,NA,NA,NA,"healthy","control","Gran","Gran",2002.30116266518,53.698229448985,0.0268182581373071,924,30000,1100,500,TRUE,TRUE,TRUE,TRUE,5,254,TRUE,"Gran_healthy-5",1994.33909087401,1994.33909087401
"2019.07.01.count.3.AACCAACGTTCCATTT","AML-0160","2019-07-01-count-3:AACCAACGTTCCATTT",1.41118218478505,-8.42608072673949,"2019-07-01-count-3","AML0160","CD14+ monocyte","CD14+",51,"CNV-","malignant","AML","adult_AML","adult_60up","male","Inflammation_low",0.966314398943197,"GSM5613746","2019-07-01-count-3_metadata.csv","2019.07.01.count.3.AACCAACGTTCCATTT","CD14+ monocyte","U-16-0160","M",74,"CITE-seq","OSU","AML0160","AML","Adverse","46,XY[30]",3,"Blasts/promonocytes (30%) and monocytes (33%) represent the majority of the differential count of the bone marrow aspirates. Flow cytometric analysis demonstrates 11% CD34 positive myeloid blasts. The findings are those of an acute myeloid leukemia which in the absence of recurrent cytogenetic/molecular abnormalities, is best classified as acute myelomonocytic leukemia. The blasts represent 10.7% of
the total events analyzed and express CD34+, CD33+, CD13+, HLA-DR+, CD117+
with subsets expressing CD4 (29.1%), CD8 (12.4%), and CD11b (7.1%).","","","","x","","x",NA,NA,"0","0","0,45","0",0,0,"0","0",0,"0",0,0,0,0,"0",0,"0","0",0,0,"0,76",0,0,0,"0",0,"0,43","0",0,"0",0,"AML","case","Mono","Mono",2342.74002347523,43.0039604305976,0.0183562665936809,1553,30000,1100,500,TRUE,TRUE,TRUE,TRUE,5,1456,TRUE,"Mono_AML-0160",2339.21951613837,2339.21951613837
"2020.08.26.Control4003.c2.TTCTGTAAGTTGTAAG","healthy-4003","2020-08-26-Control4003-c2:TTCTGTAAGTTGTAAG",14.1433426338131,1.91751597011415,"2020-08-26-Control4003-c2","Control4003","Plasma cell","Plasma cell",69,"Control","Control","Control","control_39to53yrs","control_39to53yrs","male","Control",NA,"GSM5613775","2020-08-26","2020.08.26.Control4003.c2.TTCTGTAAGTTGTAAG","Plasma cell","4003","M",42,"CITE-Seq + scTCR-seq",NA,NA,NA,NA,NA,NA,NA,NA,NA,NA,NA,NA,NA,NA,NA,NA,NA,NA,NA,NA,NA,NA,NA,NA,NA,NA,NA,NA,NA,NA,NA,NA,NA,NA,NA,NA,NA,NA,NA,NA,NA,NA,NA,NA,NA,NA,"healthy","control","B","Plasma",1435.39712709271,35.5992393202201,0.0248009687690567,1224,30000,1100,500,TRUE,TRUE,TRUE,TRUE,5,365,TRUE,"B_healthy-4003",1428.53851258259,1428.53851258259
"2020.09.11.AML4340_AML1371.c2.TCTTAGTGTTACCTTT","AML-1371","2020-09-11-AML4340_AML1371-c2:TCTTAGTGTTACCTTT",3.04395927962605,-7.7352447739807,"2020-09-11-AML4340_AML1371-c2","AML1371","HLA-II+ monocyte","HLA-II+",56,"CNV-","malignant","AML","adult_AML","adult_60up","male","Inflammation_high",0.965753424657534,"GSM5613778","2020-09-11","2020.09.11.AML4340_AML1371.c2.TCTTAGTGTTACCTTT","HLA-II+ monocyte","U-18-1371","M",78,"CITE-seq","OSU","AML1371","AML",NA,"46,XY (17 metas), -Y in 3 metas",631,"Blasts, defined by CD45 faint 
staining and low side scatter represent 72.4 % of the total events 
analyzed and express CD33+, CD117+ and are negative for the 
remaining markers. ","","x","x","","","",NA,NA,"0","0,48","0","0",0,0,"0","0",0,"0",0,0,0,0,"0,42",0,"0","0",0,0,"0",0,0,0,"0,47",0,"0","0",0,"0",0,"AML","case","Mono","Mono",2636.99227797987,44.7785842197599,0.0169809311137094,1913,30000,1100,500,TRUE,TRUE,TRUE,TRUE,5,334,TRUE,"Mono_AML-1371",2634.9494031,2634.9494031
"2020.08.26.Control4003.c2.ACACCAATCGGTGTTA","healthy-4003","2020-08-26-Control4003-c2:ACACCAATCGGTGTTA",4.67570032653157,-7.81580641185912,"2020-08-26-Control4003-c2","Control4003","CD14+ monocyte","CD14+",3,"Control","Control","Control","control_39to53yrs","control_39to53yrs","male","Control",NA,"GSM5613775","2020-08-26","2020.08.26.Control4003.c2.ACACCAATCGGTGTTA","CD14+ monocyte","4003","M",42,"CITE-Seq + scTCR-seq",NA,NA,NA,NA,NA,NA,NA,NA,NA,NA,NA,NA,NA,NA,NA,NA,NA,NA,NA,NA,NA,NA,NA,NA,NA,NA,NA,NA,NA,NA,NA,NA,NA,NA,NA,NA,NA,NA,NA,NA,NA,NA,NA,NA,NA,NA,"healthy","control","Mono","Mono",2539.42083437575,32.0620725577197,0.0126257421076886,1550,30000,1100,500,TRUE,TRUE,TRUE,TRUE,5,2986,TRUE,"Mono_healthy-4003",2532.92040428049,2532.92040428049
"2020.09.15.AML0024.TGCTCGTCAACCGTGC","AML-0024","2020-09-15-AML0024:TGCTCGTCAACCGTGC",0.0267219255561053,-16.3961439362732,"2020-09-15-AML0024","AML0024","Granulocyte","Granulocytes",7,"CNV+","malignant","AML","adult_AML","adult_60up","male","Inflammation_high",1,"GSM5613779","2020-09-15","2020.09.15.AML0024.TGCTCGTCAACCGTGC","Granulocyte","U-06-0024","M",64,"CITE-seq","OSU","AML0024","AML","Adverse","48,XY,+8,+8,i(8)(p10),t(9;15)(q33;q15),del(10)(q22.1q24),del(13)(q14q21)",137,"","","","","","","",NA,NA,"0+T2:BL24","0,46","0","0,99",0,0,"0","0",0,"0,06",0,0,0,0,"0,17",0,"0","0,17",0,0,"0",0,0,0,"0",0,"0","0,45",0,"0",0,"AML","case","Gran","Gran",2717.83250253028,41.8971994414599,0.0154156664924913,2955,30000,1100,500,TRUE,TRUE,TRUE,TRUE,5,452,TRUE,"Gran_AML-0024",2710.90198183668,2710.90198183668
"2019.08.01.count.3.ACACTGACAGACCTGC","healthy-3","2019-08-01-count-3:ACACTGACAGACCTGC",-4.02463469925578,10.740150428656,"2019-08-01-count-3","Control3","CD8+ T","CD8+ Cytotoxic",9,"Control","Control","Control","control_39to53yrs","control_39to53yrs","female","Control",NA,"GSM5613749","2019-08-01-count-3_metadata.csv","2019.08.01.count.3.ACACTGACAGACCTGC","CD8+ T","3","F",50,"CITE-Seq",NA,NA,NA,NA,NA,NA,NA,NA,NA,NA,NA,NA,NA,NA,NA,NA,NA,NA,NA,NA,NA,NA,NA,NA,NA,NA,NA,NA,NA,NA,NA,NA,NA,NA,NA,NA,NA,NA,NA,NA,NA,NA,NA,NA,NA,NA,"healthy","control","T","CD8_T",2047.84811353758,44.9219580729995,0.0219361766998425,1058,30000,1100,500,TRUE,TRUE,TRUE,TRUE,5,1795,TRUE,"T_healthy-3",2041.20167690832,2041.20167690832
"2019.08.01.count.4.CCTCACAAGCCAAGCA","healthy-4","2019-08-01-count-4:CCTCACAAGCCAAGCA",5.34903969344441,-9.36069586193236,"2019-08-01-count-4","Control4","CD16+ monocyte","CD16+",50,"Control","Control","Control","control_19to26yrs","control_19to26yrs","male","Control",NA,"GSM5613750","2019-08-01-count-4_metadata.csv","2019.08.01.count.4.CCTCACAAGCCAAGCA","CD16+ monocyte","4","M",20,"CITE-Seq",NA,NA,NA,NA,NA,NA,NA,NA,NA,NA,NA,NA,NA,NA,NA,NA,NA,NA,NA,NA,NA,NA,NA,NA,NA,NA,NA,NA,NA,NA,NA,NA,NA,NA,NA,NA,NA,NA,NA,NA,NA,NA,NA,NA,NA,NA,"healthy","control","Mono","Mono",3071.96437920921,40.651938595577,0.0132332063713713,2666,30000,1100,500,TRUE,TRUE,TRUE,TRUE,5,1657,TRUE,"Mono_healthy-4",3065.54353987683,3065.54353987683
"2019.08.01.count.3.GTCAAACTCATCCTGC","healthy-2","2019-08-01-count-3:GTCAAACTCATCCTGC",14.1754671531612,1.89424059474794,"2019-08-01-count-3","Control2","Plasmablast","Plasmablast",69,"Control","Control","Control","control_39to53yrs","control_39to53yrs","male","Control",NA,"GSM5613749","2019-08-01-count-3_metadata.csv","2019.08.01.count.3.GTCAAACTCATCCTGC","Plasmablast","2","M",39,"CITE-Seq",NA,NA,NA,NA,NA,NA,NA,NA,NA,NA,NA,NA,NA,NA,NA,NA,NA,NA,NA,NA,NA,NA,NA,NA,NA,NA,NA,NA,NA,NA,NA,NA,NA,NA,NA,NA,NA,NA,NA,NA,NA,NA,NA,NA,NA,NA,"healthy","control","B","Plasma",1715.40067858377,33.8765105108549,0.0197484534859945,1267,30000,1100,500,TRUE,TRUE,TRUE,TRUE,5,134,TRUE,"B_healthy-2",1698.30921825641,1698.30921825641
"2020.09.15.AML0024.CCTTCAGTCCGGCTTT","AML-0024","2020-09-15-AML0024:CCTTCAGTCCGGCTTT",-0.723685244948226,-16.1603784791199,"2020-09-15-AML0024","AML0024","CD14+ monocyte","CD14+ IFN+",7,"CNV+","malignant","AML","adult_AML","adult_60up","male","Inflammation_high",1,"GSM5613779","2020-09-15","2020.09.15.AML0024.CCTTCAGTCCGGCTTT","CD14+ monocyte","U-06-0024","M",64,"CITE-seq","OSU","AML0024","AML","Adverse","48,XY,+8,+8,i(8)(p10),t(9;15)(q33;q15),del(10)(q22.1q24),del(13)(q14q21)",137,"","","","","","","",NA,NA,"0+T2:BL24","0,46","0","0,99",0,0,"0","0",0,"0,06",0,0,0,0,"0,17",0,"0","0,17",0,0,"0",0,0,0,"0",0,"0","0,45",0,"0",0,"AML","case","Mono","Mono",3337.23003150691,39.4337192384259,0.0118163024023309,5266,30000,1100,500,TRUE,TRUE,TRUE,TRUE,5,5451,TRUE,"Mono_AML-0024",3328.58990696035,3328.58990696035
"2021.03.09.AML0693.CTTCAATAGGTTACCT","AML-0693","2021-03-09-AML0693:CTTCAATAGGTTACCT",-7.97724376145061,-4.80594684993895,"2021-03-09-AML0693","AML0693","CD14+ monocyte","CD14+",11,"CNV+","malignant","AML","adult_AML","adult_60up","female","Inflammation_high",1,"GSM5613784","2021-03-09","2021.03.09.AML0693.CTTCAATAGGTTACCT","CD14+ monocyte","U-11-0693","F",77,"CITE-seq + scTCR-seq","OSU","AML0693","AML","Adverse","74-89<4n>,XXXX,-8,-9,-9,-12,-17,i(17)(q10),+mar1,+mar2,+dmin[cp18]/46,XX[2] .ish dmin(amp CMYC)",47,"Immunohistochemical stains are performed on the bone marrow biopsy for CD34, CD117, CD79a, CD3, MPO, TdT, and CD68 (monocytic marker).  The
immature cells are positive for MPO, CD68 and CD117.  They are negative for
the rest stains.","","","","","x","",NA,NA,"","","","",NA,0,"","",NA,"0",0,NA,NA,NA,"0",NA,"","",NA,NA,"",NA,NA,NA,"",NA,"","",NA,"mut",NA,"AML","case","Mono","Mono",2277.94972227342,46.27296873103,0.0203134284653346,1841,30000,1100,500,TRUE,TRUE,TRUE,TRUE,5,237,TRUE,"Mono_AML-0693",2268.06153133646,2268.06153133646
"2019.08.01.count.4.GTGTCCTTCAGCATTG","healthy-4","2019-08-01-count-4:GTGTCCTTCAGCATTG",9.97107853469197,7.22729489887086,"2019-08-01-count-4","Control4","B","Memory",2,"Control","Control","Control","control_19to26yrs","control_19to26yrs","male","Control",NA,"GSM5613750","2019-08-01-count-4_metadata.csv","2019.08.01.count.4.GTGTCCTTCAGCATTG","B","4","M",20,"CITE-Seq",NA,NA,NA,NA,NA,NA,NA,NA,NA,NA,NA,NA,NA,NA,NA,NA,NA,NA,NA,NA,NA,NA,NA,NA,NA,NA,NA,NA,NA,NA,NA,NA,NA,NA,NA,NA,NA,NA,NA,NA,NA,NA,NA,NA,NA,NA,"healthy","control","B","B",1936.19007528565,43.5786177369387,0.0225074068363404,1096,30000,1100,500,TRUE,TRUE,TRUE,TRUE,5,1631,TRUE,"B_healthy-4",1934.76784008887,1934.76784008887
"2020.09.15.AML0024.AGCGCTGAGGTCATAA","AML-0024","2020-09-15-AML0024:AGCGCTGAGGTCATAA",-2.215244392783,-16.5334463349548,"2020-09-15-AML0024","AML0024","CD14+ monocyte","CD14+ IFN+",7,"CNV+","malignant","AML","adult_AML","adult_60up","male","Inflammation_high",1,"GSM5613779","2020-09-15","2020.09.15.AML0024.AGCGCTGAGGTCATAA","CD14+ monocyte","U-06-0024","M",64,"CITE-seq","OSU","AML0024","AML","Adverse","48,XY,+8,+8,i(8)(p10),t(9;15)(q33;q15),del(10)(q22.1q24),del(13)(q14q21)",137,"","","","","","","",NA,NA,"0+T2:BL24","0,46","0","0,99",0,0,"0","0",0,"0,06",0,0,0,0,"0,17",0,"0","0,17",0,0,"0",0,0,0,"0",0,"0","0,45",0,"0",0,"AML","case","Mono","Mono",2752.54581824193,35.2973454540869,0.0128235269401007,2238,30000,1100,500,TRUE,TRUE,TRUE,TRUE,5,5451,TRUE,"Mono_AML-0024",2739.67532035068,2739.67532035068
"2021.03.09.AML0693.ACGGTCGGTGCGAGTA","AML-0693","2021-03-09-AML0693:ACGGTCGGTGCGAGTA",-7.7979978126591,-3.69334866916808,"2021-03-09-AML0693","AML0693","GMP","GMP",66,"CNV+","malignant","AML","adult_AML","adult_60up","female","Inflammation_high",0.972627737226277,"GSM5613784","2021-03-09","2021.03.09.AML0693.ACGGTCGGTGCGAGTA","GMP","U-11-0693","F",77,"CITE-seq + scTCR-seq","OSU","AML0693","AML","Adverse","74-89<4n>,XXXX,-8,-9,-9,-12,-17,i(17)(q10),+mar1,+mar2,+dmin[cp18]/46,XX[2] .ish dmin(amp CMYC)",47,"Immunohistochemical stains are performed on the bone marrow biopsy for CD34, CD117, CD79a, CD3, MPO, TdT, and CD68 (monocytic marker).  The
immature cells are positive for MPO, CD68 and CD117.  They are negative for
the rest stains.","","","","","x","",NA,NA,"","","","",NA,0,"","",NA,"0",0,NA,NA,NA,"0",NA,"","",NA,NA,"",NA,NA,NA,"",NA,"","",NA,"mut",NA,"AML","case","HSPC","HSPC",2338.03058716946,16.5135649158813,0.00706302347219224,1528,30000,1100,500,TRUE,TRUE,TRUE,TRUE,5,1036,TRUE,"HSPC_AML-0693",2321.60162224088,2321.60162224088
"2019.08.29.count.2.TGCGGGTCAGTTCTAG","healthy-5","2019-08-29-count-2:TGCGGGTCAGTTCTAG",3.48967327651326,-8.01098635112914,"2019-08-29-count-2","Control5","CD14+ monocyte","CD14+",8,"Control","Control","Control","control_39to53yrs","control_39to53yrs","male","Control",NA,"GSM5613752","2019-08-29-count-2_metadata.csv","2019.08.29.count.2.TGCGGGTCAGTTCTAG","CD14+ monocyte","5","M",47,"CITE-Seq",NA,NA,NA,NA,NA,NA,NA,NA,NA,NA,NA,NA,NA,NA,NA,NA,NA,NA,NA,NA,NA,NA,NA,NA,NA,NA,NA,NA,NA,NA,NA,NA,NA,NA,NA,NA,NA,NA,NA,NA,NA,NA,NA,NA,NA,NA,"healthy","control","Mono","Mono",1577.10402558782,36.7726354927855,0.0233165567370102,594,30000,1100,500,TRUE,TRUE,TRUE,TRUE,5,1687,TRUE,"Mono_healthy-5",1574.69783971786,1574.69783971786
"2021.03.09.AML0693.TCAAGACCATCCTATT","AML-0693","2021-03-09-AML0693:TCAAGACCATCCTATT",9.36041225966756,7.24283740604249,"2021-03-09-AML0693","AML0693","B","Activated AP-1",2,"CNV+","microenvironment","AML","adult_AML","adult_60up","female","Inflammation_high",0.0393737048123417,"GSM5613784","2021-03-09","2021.03.09.AML0693.TCAAGACCATCCTATT","B","U-11-0693","F",77,"CITE-seq + scTCR-seq","OSU","AML0693","AML","Adverse","74-89<4n>,XXXX,-8,-9,-9,-12,-17,i(17)(q10),+mar1,+mar2,+dmin[cp18]/46,XX[2] .ish dmin(amp CMYC)",47,"Immunohistochemical stains are performed on the bone marrow biopsy for CD34, CD117, CD79a, CD3, MPO, TdT, and CD68 (monocytic marker).  The
immature cells are positive for MPO, CD68 and CD117.  They are negative for
the rest stains.","","","","","x","",NA,NA,"","","","",NA,0,"","",NA,"0",0,NA,NA,NA,"0",NA,"","",NA,NA,"",NA,NA,NA,"",NA,"","",NA,"mut",NA,"AML","case","B","B",1731.57022177439,52.0545416592183,0.0300620448449826,817,30000,1100,500,TRUE,TRUE,TRUE,TRUE,5,820,TRUE,"B_AML-0693",1727.89120651137,1727.89120651137
"2019.08.01.count.4.CGAGAAGTCACCACAA","healthy-3","2019-08-01-count-4:CGAGAAGTCACCACAA",-4.34355769577678,12.3846101530823,"2019-08-01-count-4","Control3","NK","CD56dim NK",26,"Control","Control","Control","control_39to53yrs","control_39to53yrs","female","Control",NA,"GSM5613750","2019-08-01-count-4_metadata.csv","2019.08.01.count.4.CGAGAAGTCACCACAA","NK","3","F",50,"CITE-Seq",NA,NA,NA,NA,NA,NA,NA,NA,NA,NA,NA,NA,NA,NA,NA,NA,NA,NA,NA,NA,NA,NA,NA,NA,NA,NA,NA,NA,NA,NA,NA,NA,NA,NA,NA,NA,NA,NA,NA,NA,NA,NA,NA,NA,NA,NA,"healthy","control","NK","NK",2055.29845299011,43.9395413125757,0.0213786670488907,1053,30000,1100,500,TRUE,TRUE,TRUE,TRUE,5,273,TRUE,"NK_healthy-3",2055.29845299011,2055.29845299011
"2020.09.11.AML4340_AML1371.c2.CAGCAGCAGCGTCGAA","AML-1371","2020-09-11-AML4340_AML1371-c2:CAGCAGCAGCGTCGAA",-3.62705884400066,9.91331288898317,"2020-09-11-AML4340_AML1371-c2","AML1371","CD8+ T","CD8+ Cytotoxic",9,"CNV-","microenvironment","AML","adult_AML","adult_60up","male","Inflammation_high",0.361592632719393,"GSM5613778","2020-09-11","2020.09.11.AML4340_AML1371.c2.CAGCAGCAGCGTCGAA","CD8+ T","U-18-1371","M",78,"CITE-seq","OSU","AML1371","AML",NA,"46,XY (17 metas), -Y in 3 metas",631,"Blasts, defined by CD45 faint 
staining and low side scatter represent 72.4 % of the total events 
analyzed and express CD33+, CD117+ and are negative for the 
remaining markers. ","","x","x","","","",NA,NA,"0","0,48","0","0",0,0,"0","0",0,"0",0,0,0,0,"0,42",0,"0","0",0,0,"0",0,0,0,"0,47",0,"0","0",0,"0",0,"AML","case","T","CD8_T",2212.09962463571,44.723280340075,0.0202175706021558,1248,30000,1100,500,TRUE,TRUE,TRUE,TRUE,5,1882,TRUE,"T_AML-1371",2207.75224897011,2207.75224897011
"2019.08.01.count.4.CGGGACTGTCTCAGGC","healthy-1","2019-08-01-count-4:CGGGACTGTCTCAGGC",1.20676781710927,11.3307027586731,"2019-08-01-count-4","Control1","CD4+ T","CD4+ TCM",4,"Control","Control","Control","control_19to26yrs","control_19to26yrs","female","Control",NA,"GSM5613750","2019-08-01-count-4_metadata.csv","2019.08.01.count.4.CGGGACTGTCTCAGGC","CD4+ T","1","F",26,"CITE-Seq",NA,NA,NA,NA,NA,NA,NA,NA,NA,NA,NA,NA,NA,NA,NA,NA,NA,NA,NA,NA,NA,NA,NA,NA,NA,NA,NA,NA,NA,NA,NA,NA,NA,NA,NA,NA,NA,NA,NA,NA,NA,NA,NA,NA,NA,NA,"healthy","control","T","CD4_T",1923.9683668444,38.4249247227187,0.0199717029577474,981,30000,1100,500,TRUE,TRUE,TRUE,TRUE,5,667,TRUE,"T_healthy-1",1917.46179029788,1917.46179029788
"2021.03.09.AML0693.AGCGCCAGTGTACGCC","AML-0693","2021-03-09-AML0693:AGCGCCAGTGTACGCC",9.41095509108846,7.58949515903322,"2021-03-09-AML0693","AML0693","B","Naive B",2,"CNV+","microenvironment","AML","adult_AML","adult_60up","female","Inflammation_high",0.0393737048123417,"GSM5613784","2021-03-09","2021.03.09.AML0693.AGCGCCAGTGTACGCC","B","U-11-0693","F",77,"CITE-seq + scTCR-seq","OSU","AML0693","AML","Adverse","74-89<4n>,XXXX,-8,-9,-9,-12,-17,i(17)(q10),+mar1,+mar2,+dmin[cp18]/46,XX[2] .ish dmin(amp CMYC)",47,"Immunohistochemical stains are performed on the bone marrow biopsy for CD34, CD117, CD79a, CD3, MPO, TdT, and CD68 (monocytic marker).  The
immature cells are positive for MPO, CD68 and CD117.  They are negative for
the rest stains.","","","","","x","",NA,NA,"","","","",NA,0,"","",NA,"0",0,NA,NA,NA,"0",NA,"","",NA,NA,"",NA,NA,NA,"",NA,"","",NA,"mut",NA,"AML","case","B","B",1590.81390485374,45.8589205954952,0.0288273320063239,664,30000,1100,500,TRUE,TRUE,TRUE,TRUE,5,820,TRUE,"B_AML-0693",1580.28282699458,1580.28282699458
"2020.08.26.Control4003.c3.CTTCTCTCAGTTAGGG","healthy-4003","2020-08-26-Control4003-c3:CTTCTCTCAGTTAGGG",4.25974096831624,-7.31644394313964,"2020-08-26-Control4003-c3","Control4003","CD11c+","CD11c+",3,"Control","Control","Control","control_39to53yrs","control_39to53yrs","male","Control",NA,"GSM5613776","2020-08-26","2020.08.26.Control4003.c3.CTTCTCTCAGTTAGGG","CD11c+","4003","M",42,"CITE-Seq + scTCR-seq",NA,NA,NA,NA,NA,NA,NA,NA,NA,NA,NA,NA,NA,NA,NA,NA,NA,NA,NA,NA,NA,NA,NA,NA,NA,NA,NA,NA,NA,NA,NA,NA,NA,NA,NA,NA,NA,NA,NA,NA,NA,NA,NA,NA,NA,NA,"healthy","control","Mono","Mono",2208.48725736992,32.1968307419762,0.0145786807845653,1208,30000,1100,500,TRUE,TRUE,TRUE,TRUE,5,2986,TRUE,"Mono_healthy-4003",2195.25164830713,2195.25164830713
